sale_id,sale_date,customer_id,product_id,quantity,unit_price,discount_pct,net_amount
500327,2024-01-01,10123,2005,2,1163.47,0.0,2326.94
500624,2024-01-01,10412,2026,4,293.54,0.05,1115.45
502187,2024-01-01,10296,2002,5,175.29,0.0,876.45
503078,2024-01-01,10007,2018,4,1912.96,0.0,7651.84
504105,2024-01-01,10066,2009,4,1022.26,0.05,3884.59
504452,2024-01-01,10407,2053,5,5717.05,0.1,25726.72
500479,2024-01-02,10108,2047,4,2201.3,0.0,8805.2
500733,2024-01-02,10360,2040,5,2622.65,0.0,13113.25
501464,2024-01-02,10090,2004,4,3195.85,0.0,12783.4
504060,2024-01-02,10048,2037,5,633.21,0.1,2849.44
504482,2024-01-02,10431,2028,2,463.82,0.0,927.64
501154,2024-01-03,10071,2002,4,175.29,0.1,631.04
501645,2024-01-03,10401,2047,3,2201.3,0.0,6603.9
502376,2024-01-03,10210,2015,4,535.35,0.1,1927.26
503780,2024-01-03,10225,2053,5,5717.05,0.0,28585.25
503824,2024-01-03,10459,2048,1,842.22,0.15,715.89
504184,2024-01-03,10298,2053,1,5717.05,0.0,5717.05
504512,2024-01-03,10281,2034,4,1653.02,0.2,5289.66
504674,2024-01-03,10305,2010,5,383.48,0.1,1725.66
500022,2024-01-04,10225,2003,5,3232.31,0.05,15353.47
501539,2024-01-04,10152,2045,5,3130.69,0.0,15653.45
502521,2024-01-04,10191,2024,2,329.59,0.1,593.26
503306,2024-01-04,10232,2015,1,535.35,0.0,535.35
503413,2024-01-04,10205,2040,4,2622.65,0.0,10490.6
503821,2024-01-04,10196,2025,1,1010.25,0.1,909.22
503928,2024-01-04,10032,2023,2,1843.08,0.15,3133.24
501138,2024-01-05,10239,2012,3,1148.51,0.0,3445.53
502491,2024-01-05,10465,2012,3,1148.51,0.0,3445.53
504238,2024-01-05,10240,2040,1,2622.65,0.15,2229.25
501342,2024-01-06,10116,2011,5,899.65,0.0,4498.25
502200,2024-01-06,10325,2040,4,2622.65,0.1,9441.54
502256,2024-01-06,10216,2036,4,861.27,0.0,3445.08
503354,2024-01-06,10331,2036,1,861.27,0.0,861.27
504174,2024-01-06,10095,2022,5,764.51,0.0,3822.55
504816,2024-01-06,10243,2015,3,535.35,0.05,1525.75
502260,2024-01-07,10450,2035,2,506.04,0.15,860.27
504325,2024-01-07,10188,2037,2,633.21,0.05,1203.1
504361,2024-01-07,10431,2029,5,1516.17,0.2,6064.68
504833,2024-01-07,10284,2026,5,293.54,0.1,1320.93
500814,2024-01-08,10173,2033,1,501.81,0.05,476.72
501465,2024-01-08,10297,2043,3,1014.67,0.05,2891.81
502917,2024-01-08,10125,2052,3,4381.84,0.0,13145.52
500300,2024-01-09,10081,2038,2,392.48,0.1,706.46
502561,2024-01-09,10489,2014,3,1960.94,0.1,5294.54
502712,2024-01-09,10293,2012,5,1148.51,0.05,5455.42
500279,2024-01-10,10076,2049,4,886.43,0.0,3545.72
501120,2024-01-10,10390,2040,2,2622.65,0.0,5245.3
501663,2024-01-10,10272,2047,5,2201.3,0.0,11006.5
503480,2024-01-10,10355,2022,3,764.51,0.2,1834.82
500208,2024-01-11,10317,2014,1,1960.94,0.05,1862.89
500351,2024-01-11,10034,2016,5,2344.51,0.0,11722.55
501334,2024-01-11,10164,2046,2,425.19,0.0,850.38
502402,2024-01-11,10424,2009,2,1022.26,0.1,1840.07
502457,2024-01-11,10437,2015,5,535.35,0.15,2275.24
504525,2024-01-11,10024,2048,1,842.22,0.0,842.22
504847,2024-01-11,10494,2017,2,1145.42,0.1,2061.76
500411,2024-01-12,10331,2014,1,1960.94,0.1,1764.85
500491,2024-01-12,10098,2019,5,3291.33,0.0,16456.65
501373,2024-01-12,10201,2024,2,329.59,0.1,593.26
501862,2024-01-12,10260,2052,5,4381.84,0.05,20813.74
502268,2024-01-12,10091,2057,4,1532.24,0.15,5209.62
504534,2024-01-12,10340,2004,3,3195.85,0.0,9587.55
502534,2024-01-13,10025,2036,4,861.27,0.0,3445.08
504212,2024-01-13,10320,2045,1,3130.69,0.15,2661.09
500464,2024-01-14,10488,2029,4,1516.17,0.1,5458.21
501080,2024-01-14,10415,2042,3,629.87,0.0,1889.61
501094,2024-01-14,10175,2037,1,633.21,0.05,601.55
501979,2024-01-14,10371,2042,3,629.87,0.05,1795.13
503407,2024-01-14,10155,2058,4,3587.6,0.1,12915.36
504007,2024-01-14,10414,2045,2,3130.69,0.1,5635.24
504935,2024-01-14,10119,2044,1,1264.17,0.15,1074.54
500529,2024-01-15,10075,2050,5,2382.06,0.0,11910.3
500699,2024-01-15,10195,2039,2,592.66,0.0,1185.32
501148,2024-01-15,10406,2032,5,937.76,0.05,4454.36
501970,2024-01-15,10440,2035,5,506.04,0.0,2530.2
502619,2024-01-15,10462,2016,1,2344.51,0.1,2110.06
503125,2024-01-15,10267,2007,3,1690.84,0.1,4565.27
503312,2024-01-15,10322,2047,2,2201.3,0.0,4402.6
503488,2024-01-15,10338,2001,3,2873.46,0.2,6896.3
503996,2024-01-15,10183,2035,3,506.04,0.0,1518.12
504205,2024-01-15,10018,2011,3,899.65,0.15,2294.11
502623,2024-01-16,10094,2021,3,1215.08,0.2,2916.19
500051,2024-01-17,10266,2005,5,1163.47,0.0,5817.35
502048,2024-01-17,10093,2023,5,1843.08,0.05,8754.63
504027,2024-01-17,10244,2033,4,501.81,0.0,2007.24
504036,2024-01-17,10048,2055,2,4486.03,0.0,8972.06
500098,2024-01-18,10468,2043,3,1014.67,0.1,2739.61
504084,2024-01-18,10406,2004,4,3195.85,0.1,11505.06
501767,2024-01-19,10023,2053,1,5717.05,0.15,4859.49
503172,2024-01-19,10473,2003,1,3232.31,0.0,3232.31
503309,2024-01-19,10380,2025,2,1010.25,0.2,1616.4
504202,2024-01-19,10333,2060,3,927.82,0.1,2505.11
500173,2024-01-20,10463,2051,1,957.15,0.0,957.15
501584,2024-01-20,10485,2017,2,1145.42,0.0,2290.84
502782,2024-01-20,10008,2018,4,1912.96,0.05,7269.25
502413,2024-01-21,10089,2050,3,2382.06,0.1,6431.56
503369,2024-01-21,10208,2029,1,1516.17,0.05,1440.36
503647,2024-01-21,10141,2028,3,463.82,0.05,1321.89
500252,2024-01-22,10464,2010,1,383.48,0.0,383.48
500625,2024-01-22,10360,2044,2,1264.17,0.0,2528.34
501740,2024-01-22,10169,2018,2,1912.96,0.1,3443.33
502489,2024-01-22,10077,2040,1,2622.65,0.1,2360.39
504256,2024-01-22,10013,2050,4,2382.06,0.0,9528.24
500536,2024-01-23,10269,2006,3,599.64,0.1,1619.03
500876,2024-01-23,10286,2052,5,4381.84,0.0,21909.2
503499,2024-01-23,10172,2009,2,1022.26,0.0,2044.52
504595,2024-01-23,10215,2022,3,764.51,0.05,2178.85
504870,2024-01-23,10302,2025,1,1010.25,0.0,1010.25
500586,2024-01-24,10054,2032,5,937.76,0.1,4219.92
502848,2024-01-24,10377,2037,3,633.21,0.1,1709.67
504337,2024-01-24,10442,2043,1,1014.67,0.1,913.2
504719,2024-01-24,10116,2050,1,2382.06,0.05,2262.96
502487,2024-01-25,10419,2035,4,506.04,0.0,2024.16
502602,2024-01-25,10253,2055,3,4486.03,0.05,12785.19
504278,2024-01-25,10043,2022,2,764.51,0.0,1529.02
504819,2024-01-25,10195,2003,5,3232.31,0.0,16161.55
500119,2024-01-26,10039,2048,3,842.22,0.0,2526.66
500247,2024-01-26,10267,2031,4,635.47,0.1,2287.69
502052,2024-01-26,10294,2018,3,1912.96,0.0,5738.88
500923,2024-01-27,10485,2001,4,2873.46,0.1,10344.46
502512,2024-01-27,10479,2010,3,383.48,0.0,1150.44
503178,2024-01-27,10421,2056,5,961.43,0.05,4566.79
503848,2024-01-27,10381,2055,4,4486.03,0.0,17944.12
504310,2024-01-27,10184,2033,2,501.81,0.0,1003.62
504902,2024-01-27,10054,2018,3,1912.96,0.0,5738.88
500006,2024-01-28,10043,2026,5,293.54,0.0,1467.7
500083,2024-01-28,10005,2034,5,1653.02,0.0,8265.1
502313,2024-01-28,10106,2054,1,2674.42,0.05,2540.7
504006,2024-01-28,10246,2011,3,899.65,0.05,2564.0
504780,2024-01-28,10154,2009,4,1022.26,0.05,3884.59
501543,2024-01-29,10255,2035,4,506.04,0.1,1821.74
503811,2024-01-29,10270,2027,3,1508.58,0.0,4525.74
503917,2024-01-29,10036,2030,3,276.46,0.2,663.5
504886,2024-01-29,10226,2042,1,629.87,0.1,566.88
501773,2024-01-30,10366,2059,5,457.8,0.1,2060.1
502470,2024-01-30,10244,2020,4,353.95,0.1,1274.22
504221,2024-01-30,10232,2046,5,425.19,0.0,2125.95
504447,2024-01-30,10249,2047,3,2201.3,0.1,5943.51
500830,2024-01-31,10418,2014,5,1960.94,0.0,9804.7
501754,2024-01-31,10490,2047,5,2201.3,0.05,10456.17
502678,2024-01-31,10275,2037,2,633.21,0.15,1076.46
503868,2024-01-31,10329,2040,4,2622.65,0.0,10490.6
504727,2024-01-31,10224,2050,5,2382.06,0.0,11910.3
501588,2024-02-01,10185,2003,5,3232.31,0.0,16161.55
502158,2024-02-01,10030,2004,4,3195.85,0.1,11505.06
504402,2024-02-01,10144,2019,3,3291.33,0.05,9380.29
504771,2024-02-01,10161,2058,3,3587.6,0.0,10762.8
504828,2024-02-01,10044,2037,3,633.21,0.1,1709.67
501745,2024-02-02,10039,2015,3,535.35,0.05,1525.75
502215,2024-02-02,10356,2043,5,1014.67,0.1,4566.01
502870,2024-02-02,10136,2008,3,386.95,0.1,1044.76
503605,2024-02-02,10372,2024,3,329.59,0.1,889.89
503950,2024-02-02,10094,2018,4,1912.96,0.1,6886.66
504602,2024-02-02,10222,2031,1,635.47,0.0,635.47
504825,2024-02-02,10115,2004,2,3195.85,0.0,6391.7
504997,2024-02-02,10149,2059,5,457.8,0.05,2174.55
500287,2024-02-03,10284,2034,2,1653.02,0.05,3140.74
500787,2024-02-03,10322,2060,2,927.82,0.0,1855.64
501262,2024-02-03,10112,2032,1,937.76,0.0,937.76
501308,2024-02-03,10091,2029,5,1516.17,0.15,6443.72
502078,2024-02-03,10474,2031,2,635.47,0.05,1207.39
503716,2024-02-03,10003,2037,3,633.21,0.0,1899.63
503832,2024-02-03,10024,2039,5,592.66,0.0,2963.3
504873,2024-02-03,10221,2029,4,1516.17,0.0,6064.68
500254,2024-02-04,10299,2040,4,2622.65,0.2,8392.48
502942,2024-02-04,10497,2040,5,2622.65,0.0,13113.25
503067,2024-02-04,10414,2046,2,425.19,0.0,850.38
503227,2024-02-04,10112,2024,5,329.59,0.05,1565.55
503498,2024-02-04,10183,2056,1,961.43,0.15,817.22
503834,2024-02-04,10042,2055,1,4486.03,0.1,4037.43
503922,2024-02-04,10152,2024,2,329.59,0.15,560.3
504963,2024-02-04,10458,2001,2,2873.46,0.0,5746.92
500283,2024-02-05,10102,2026,2,293.54,0.1,528.37
501089,2024-02-05,10303,2050,2,2382.06,0.1,4287.71
503396,2024-02-05,10201,2044,4,1264.17,0.2,4045.34
504063,2024-02-05,10088,2054,1,2674.42,0.0,2674.42
501736,2024-02-06,10274,2016,2,2344.51,0.2,3751.22
502330,2024-02-06,10362,2024,2,329.59,0.15,560.3
502839,2024-02-06,10285,2059,3,457.8,0.0,1373.4
503890,2024-02-06,10096,2001,5,2873.46,0.05,13648.94
504455,2024-02-06,10185,2009,2,1022.26,0.0,2044.52
500927,2024-02-07,10066,2004,4,3195.85,0.05,12144.23
502631,2024-02-07,10325,2020,4,353.95,0.0,1415.8
503110,2024-02-07,10137,2043,5,1014.67,0.0,5073.35
500650,2024-02-08,10407,2033,4,501.81,0.05,1906.88
503014,2024-02-08,10120,2002,3,175.29,0.0,525.87
503425,2024-02-08,10285,2050,3,2382.06,0.05,6788.87
504807,2024-02-08,10295,2040,2,2622.65,0.0,5245.3
501139,2024-02-09,10062,2037,1,633.21,0.0,633.21
501623,2024-02-09,10336,2053,1,5717.05,0.05,5431.2
502438,2024-02-09,10062,2054,5,2674.42,0.0,13372.1
504077,2024-02-09,10409,2008,1,386.95,0.0,386.95
504782,2024-02-09,10381,2056,4,961.43,0.05,3653.43
500637,2024-02-10,10151,2044,1,1264.17,0.15,1074.54
500835,2024-02-10,10370,2009,5,1022.26,0.0,5111.3
500895,2024-02-10,10119,2049,3,886.43,0.0,2659.29
500917,2024-02-10,10036,2046,2,425.19,0.0,850.38
504263,2024-02-10,10403,2047,2,2201.3,0.05,4182.47
500304,2024-02-11,10249,2038,5,392.48,0.15,1668.04
501676,2024-02-11,10017,2018,1,1912.96,0.1,1721.66
501951,2024-02-11,10260,2048,1,842.22,0.0,842.22
502221,2024-02-11,10098,2028,1,463.82,0.0,463.82
502996,2024-02-11,10409,2001,5,2873.46,0.0,14367.3
503497,2024-02-11,10238,2039,2,592.66,0.05,1126.05
503576,2024-02-11,10142,2009,5,1022.26,0.15,4344.61
504119,2024-02-11,10359,2011,4,899.65,0.05,3418.67
504309,2024-02-11,10226,2038,1,392.48,0.1,353.23
501149,2024-02-12,10030,2001,3,2873.46,0.05,8189.36
502243,2024-02-12,10157,2010,4,383.48,0.1,1380.53
502873,2024-02-12,10150,2011,2,899.65,0.05,1709.33
504441,2024-02-12,10426,2013,3,379.72,0.0,1139.16
501510,2024-02-13,10356,2035,4,506.04,0.0,2024.16
501872,2024-02-13,10464,2018,5,1912.96,0.0,9564.8
502099,2024-02-13,10059,2047,4,2201.3,0.1,7924.68
502282,2024-02-13,10017,2043,1,1014.67,0.0,1014.67
504234,2024-02-13,10379,2032,4,937.76,0.15,3188.38
501569,2024-02-14,10332,2040,4,2622.65,0.0,10490.6
501904,2024-02-14,10379,2027,4,1508.58,0.05,5732.6
502072,2024-02-14,10044,2012,1,1148.51,0.0,1148.51
502926,2024-02-14,10288,2020,2,353.95,0.0,707.9
500325,2024-02-15,10253,2031,1,635.47,0.0,635.47
500740,2024-02-15,10137,2044,2,1264.17,0.2,2022.67
502391,2024-02-15,10021,2018,4,1912.96,0.2,6121.47
503695,2024-02-15,10425,2009,5,1022.26,0.0,5111.3
503796,2024-02-15,10306,2041,2,3146.01,0.1,5662.82
500234,2024-02-16,10048,2039,5,592.66,0.0,2963.3
501598,2024-02-16,10368,2050,4,2382.06,0.05,9051.83
504669,2024-02-16,10223,2033,3,501.81,0.05,1430.16
501058,2024-02-17,10438,2027,4,1508.58,0.0,6034.32
501410,2024-02-17,10167,2051,5,957.15,0.05,4546.46
502320,2024-02-17,10035,2010,5,383.48,0.15,1629.79
502778,2024-02-17,10328,2017,5,1145.42,0.0,5727.1
500505,2024-02-18,10044,2015,2,535.35,0.1,963.63
501639,2024-02-18,10366,2006,3,599.64,0.2,1439.14
503185,2024-02-18,10110,2036,4,861.27,0.0,3445.08
504376,2024-02-18,10324,2043,4,1014.67,0.0,4058.68
500948,2024-02-19,10068,2029,3,1516.17,0.0,4548.51
502547,2024-02-19,10143,2053,1,5717.05,0.0,5717.05
503341,2024-02-19,10312,2029,2,1516.17,0.0,3032.34
504142,2024-02-19,10486,2003,2,3232.31,0.0,6464.62
501420,2024-02-20,10224,2035,4,506.04,0.0,2024.16
501461,2024-02-20,10064,2030,3,276.46,0.0,829.38
502519,2024-02-20,10336,2032,3,937.76,0.0,2813.28
503461,2024-02-20,10307,2054,5,2674.42,0.0,13372.1
503609,2024-02-20,10097,2002,4,175.29,0.2,560.93
503765,2024-02-20,10070,2038,1,392.48,0.05,372.86
504438,2024-02-20,10346,2032,5,937.76,0.2,3751.04
500041,2024-02-21,10004,2045,1,3130.69,0.1,2817.62
501744,2024-02-21,10009,2041,2,3146.01,0.0,6292.02
504578,2024-02-21,10156,2038,3,392.48,0.1,1059.7
500159,2024-02-22,10072,2015,4,535.35,0.0,2141.4
500450,2024-02-22,10095,2023,1,1843.08,0.1,1658.77
502089,2024-02-22,10276,2047,3,2201.3,0.1,5943.51
503384,2024-02-22,10229,2060,1,927.82,0.1,835.04
503568,2024-02-22,10297,2045,4,3130.69,0.1,11270.48
504331,2024-02-22,10226,2007,2,1690.84,0.05,3212.6
501974,2024-02-23,10447,2049,4,886.43,0.0,3545.72
502217,2024-02-23,10042,2022,2,764.51,0.0,1529.02
502566,2024-02-23,10046,2030,1,276.46,0.05,262.64
502716,2024-02-23,10189,2012,5,1148.51,0.1,5168.3
502975,2024-02-23,10304,2018,3,1912.96,0.0,5738.88
502990,2024-02-23,10291,2011,3,899.65,0.1,2429.05
503229,2024-02-23,10405,2057,5,1532.24,0.0,7661.2
504258,2024-02-23,10300,2004,2,3195.85,0.0,6391.7
500752,2024-02-24,10382,2051,2,957.15,0.0,1914.3
501122,2024-02-24,10123,2047,3,2201.3,0.05,6273.7
501143,2024-02-24,10156,2017,3,1145.42,0.05,3264.45
502914,2024-02-24,10233,2004,3,3195.85,0.1,8628.8
503758,2024-02-24,10108,2041,4,3146.01,0.0,12584.04
503797,2024-02-24,10044,2014,3,1960.94,0.1,5294.54
500815,2024-02-25,10498,2002,1,175.29,0.0,175.29
501339,2024-02-25,10145,2027,2,1508.58,0.0,3017.16
503321,2024-02-25,10096,2053,5,5717.05,0.05,27155.99
504303,2024-02-25,10242,2054,1,2674.42,0.1,2406.98
504543,2024-02-25,10407,2015,3,535.35,0.1,1445.45
500530,2024-02-26,10098,2011,2,899.65,0.1,1619.37
500783,2024-02-26,10226,2025,1,1010.25,0.0,1010.25
500939,2024-02-26,10270,2005,1,1163.47,0.05,1105.3
501022,2024-02-26,10394,2005,3,1163.47,0.0,3490.41
502242,2024-02-26,10475,2027,3,1508.58,0.1,4073.17
502516,2024-02-26,10333,2044,2,1264.17,0.05,2401.92
502904,2024-02-26,10249,2011,4,899.65,0.0,3598.6
503572,2024-02-26,10272,2049,5,886.43,0.0,4432.15
500614,2024-02-27,10491,2014,2,1960.94,0.0,3921.88
502159,2024-02-27,10356,2055,2,4486.03,0.0,8972.06
503131,2024-02-27,10237,2052,4,4381.84,0.2,14021.89
503317,2024-02-27,10262,2017,2,1145.42,0.0,2290.84
503624,2024-02-27,10411,2040,5,2622.65,0.05,12457.59
504472,2024-02-27,10117,2036,5,861.27,0.1,3875.72
501591,2024-02-28,10189,2007,5,1690.84,0.1,7608.78
501885,2024-02-28,10177,2046,2,425.19,0.1,765.34
502153,2024-02-28,10062,2029,2,1516.17,0.0,3032.34
502953,2024-02-28,10105,2026,2,293.54,0.0,587.08
503276,2024-02-28,10299,2056,4,961.43,0.1,3461.15
503762,2024-02-28,10299,2056,4,961.43,0.1,3461.15
500040,2024-02-29,10368,2026,5,293.54,0.0,1467.7
500054,2024-02-29,10301,2020,2,353.95,0.05,672.5
502434,2024-02-29,10129,2014,2,1960.94,0.05,3725.79
503133,2024-02-29,10089,2003,1,3232.31,0.2,2585.85
501303,2024-03-01,10485,2039,3,592.66,0.2,1422.38
502727,2024-03-01,10416,2034,2,1653.02,0.1,2975.44
503255,2024-03-01,10286,2036,4,861.27,0.15,2928.32
503445,2024-03-01,10154,2038,4,392.48,0.2,1255.94
500872,2024-03-02,10107,2017,1,1145.42,0.0,1145.42
501231,2024-03-02,10056,2025,1,1010.25,0.0,1010.25
502299,2024-03-02,10211,2048,4,842.22,0.05,3200.44
503837,2024-03-02,10310,2011,2,899.65,0.05,1709.33
503984,2024-03-02,10336,2053,4,5717.05,0.1,20581.38
504156,2024-03-02,10155,2030,2,276.46,0.0,552.92
504800,2024-03-02,10037,2052,1,4381.84,0.2,3505.47
501310,2024-03-03,10109,2051,3,957.15,0.0,2871.45
501730,2024-03-03,10491,2022,5,764.51,0.0,3822.55
504618,2024-03-03,10105,2058,4,3587.6,0.0,14350.4
502322,2024-03-04,10086,2053,3,5717.05,0.0,17151.15
502874,2024-03-04,10099,2037,2,633.21,0.0,1266.42
503367,2024-03-04,10262,2048,5,842.22,0.05,4000.54
500474,2024-03-05,10273,2032,3,937.76,0.2,2250.62
501124,2024-03-05,10116,2050,2,2382.06,0.1,4287.71
503186,2024-03-05,10444,2050,1,2382.06,0.05,2262.96
503465,2024-03-05,10259,2042,4,629.87,0.0,2519.48
504081,2024-03-05,10418,2045,5,3130.69,0.15,13305.43
504699,2024-03-05,10484,2013,4,379.72,0.1,1366.99
501656,2024-03-06,10071,2012,1,1148.51,0.2,918.81
504988,2024-03-06,10173,2026,1,293.54,0.15,249.51
504003,2024-03-07,10380,2032,5,937.76,0.0,4688.8
504803,2024-03-07,10313,2011,1,899.65,0.0,899.65
502248,2024-03-08,10244,2028,3,463.82,0.15,1182.74
503022,2024-03-08,10475,2037,1,633.21,0.1,569.89
503915,2024-03-08,10282,2007,1,1690.84,0.1,1521.76
500257,2024-03-09,10497,2038,1,392.48,0.0,392.48
500577,2024-03-09,10384,2012,4,1148.51,0.05,4364.34
503152,2024-03-09,10399,2053,5,5717.05,0.0,28585.25
504845,2024-03-09,10003,2033,2,501.81,0.0,1003.62
504055,2024-03-10,10117,2027,4,1508.58,0.1,5430.89
504194,2024-03-10,10242,2043,3,1014.67,0.1,2739.61
504875,2024-03-10,10177,2041,2,3146.01,0.15,5348.22
502435,2024-03-11,10199,2060,4,927.82,0.1,3340.15
502749,2024-03-11,10163,2033,4,501.81,0.0,2007.24
503323,2024-03-11,10191,2042,3,629.87,0.0,1889.61
504579,2024-03-11,10397,2037,4,633.21,0.0,2532.84
504951,2024-03-11,10437,2013,2,379.72,0.0,759.44
500443,2024-03-12,10495,2045,2,3130.69,0.15,5322.17
502571,2024-03-12,10008,2021,2,1215.08,0.05,2308.65
504235,2024-03-12,10479,2037,1,633.21,0.0,633.21
504255,2024-03-12,10103,2047,3,2201.3,0.2,5283.12
504794,2024-03-12,10411,2038,1,392.48,0.0,392.48
504913,2024-03-12,10284,2017,4,1145.42,0.1,4123.51
504972,2024-03-12,10210,2040,4,2622.65,0.0,10490.6
501796,2024-03-13,10094,2005,5,1163.47,0.0,5817.35
501933,2024-03-14,10247,2042,1,629.87,0.15,535.39
502174,2024-03-14,10376,2040,2,2622.65,0.1,4720.77
502343,2024-03-14,10273,2023,4,1843.08,0.2,5897.86
502729,2024-03-14,10069,2026,3,293.54,0.05,836.59
503288,2024-03-14,10478,2003,2,3232.31,0.0,6464.62
503633,2024-03-14,10413,2055,2,4486.03,0.0,8972.06
504598,2024-03-14,10467,2010,2,383.48,0.2,613.57
504720,2024-03-14,10152,2026,2,293.54,0.0,587.08
504721,2024-03-14,10171,2025,1,1010.25,0.0,1010.25
501168,2024-03-15,10046,2050,4,2382.06,0.0,9528.24
503802,2024-03-15,10111,2042,2,629.87,0.1,1133.77
504130,2024-03-15,10058,2041,5,3146.01,0.0,15730.05
504437,2024-03-15,10039,2027,5,1508.58,0.05,7165.75
501306,2024-03-16,10226,2005,2,1163.47,0.2,1861.55
502551,2024-03-16,10474,2057,2,1532.24,0.0,3064.48
502899,2024-03-16,10335,2031,2,635.47,0.1,1143.85
503717,2024-03-16,10151,2029,5,1516.17,0.0,7580.85
504493,2024-03-16,10339,2031,3,635.47,0.15,1620.45
504506,2024-03-16,10493,2019,5,3291.33,0.0,16456.65
504984,2024-03-16,10306,2026,2,293.54,0.0,587.08
501777,2024-03-17,10487,2039,2,592.66,0.05,1126.05
501831,2024-03-17,10215,2008,1,386.95,0.05,367.6
503238,2024-03-17,10340,2016,2,2344.51,0.1,4220.12
500299,2024-03-18,10337,2039,1,592.66,0.1,533.39
501001,2024-03-18,10493,2012,3,1148.51,0.05,3273.25
501781,2024-03-18,10364,2031,1,635.47,0.2,508.38
501000,2024-03-19,10264,2054,3,2674.42,0.0,8023.26
501399,2024-03-19,10041,2014,5,1960.94,0.1,8824.23
501546,2024-03-19,10382,2040,1,2622.65,0.1,2360.39
501689,2024-03-19,10168,2025,3,1010.25,0.05,2879.21
504836,2024-03-19,10442,2033,4,501.81,0.15,1706.15
501950,2024-03-20,10302,2026,5,293.54,0.05,1394.32
502513,2024-03-20,10030,2047,5,2201.3,0.1,9905.85
500683,2024-03-21,10165,2059,2,457.8,0.1,824.04
501349,2024-03-21,10247,2030,2,276.46,0.15,469.98
504135,2024-03-21,10141,2057,4,1532.24,0.0,6128.96
500099,2024-03-22,10238,2007,3,1690.84,0.15,4311.64
500816,2024-03-22,10279,2038,5,392.48,0.0,1962.4
501272,2024-03-22,10273,2038,1,392.48,0.2,313.98
501470,2024-03-22,10076,2016,4,2344.51,0.1,8440.24
502331,2024-03-22,10001,2001,4,2873.46,0.05,10919.15
502793,2024-03-22,10131,2024,3,329.59,0.0,988.77
504328,2024-03-22,10052,2035,2,506.04,0.05,961.48
504648,2024-03-22,10323,2010,3,383.48,0.0,1150.44
504955,2024-03-22,10445,2031,4,635.47,0.1,2287.69
501771,2024-03-23,10005,2034,1,1653.02,0.05,1570.37
502024,2024-03-23,10282,2015,2,535.35,0.1,963.63
502295,2024-03-23,10062,2059,2,457.8,0.05,869.82
502406,2024-03-23,10076,2037,5,633.21,0.2,2532.84
504585,2024-03-23,10397,2045,5,3130.69,0.0,15653.45
504608,2024-03-23,10282,2021,3,1215.08,0.2,2916.19
502113,2024-03-24,10245,2046,5,425.19,0.05,2019.65
502192,2024-03-24,10019,2005,4,1163.47,0.0,4653.88
503662,2024-03-24,10147,2007,5,1690.84,0.2,6763.36
503809,2024-03-24,10410,2045,4,3130.69,0.15,10644.35
504022,2024-03-24,10098,2033,4,501.81,0.1,1806.52
504970,2024-03-24,10121,2054,1,2674.42,0.05,2540.7
501066,2024-03-25,10490,2027,2,1508.58,0.1,2715.44
501738,2024-03-25,10074,2044,3,1264.17,0.0,3792.51
504486,2024-03-25,10330,2045,4,3130.69,0.1,11270.48
501992,2024-03-26,10283,2009,1,1022.26,0.1,920.03
503335,2024-03-26,10294,2046,5,425.19,0.0,2125.95
503682,2024-03-26,10197,2027,1,1508.58,0.05,1433.15
500080,2024-03-27,10034,2029,3,1516.17,0.0,4548.51
501678,2024-03-27,10308,2046,1,425.19,0.1,382.67
502590,2024-03-27,10185,2035,2,506.04,0.0,1012.08
503433,2024-03-27,10196,2019,3,3291.33,0.1,8886.59
504416,2024-03-27,10473,2010,3,383.48,0.05,1092.92
500111,2024-03-28,10447,2044,1,1264.17,0.15,1074.54
500399,2024-03-28,10180,2049,5,886.43,0.0,4432.15
502446,2024-03-28,10377,2011,2,899.65,0.0,1799.3
502800,2024-03-28,10464,2044,2,1264.17,0.15,2149.09
503119,2024-03-28,10047,2039,1,592.66,0.0,592.66
503126,2024-03-28,10088,2019,5,3291.33,0.1,14810.99
503349,2024-03-28,10269,2047,1,2201.3,0.0,2201.3
504356,2024-03-28,10241,2031,1,635.47,0.1,571.92
500262,2024-03-29,10197,2035,1,506.04,0.0,506.04
502525,2024-03-29,10004,2015,5,535.35,0.0,2676.75
504934,2024-03-29,10176,2047,4,2201.3,0.1,7924.68
500451,2024-03-30,10257,2031,1,635.47,0.0,635.47
500842,2024-03-30,10457,2018,1,1912.96,0.1,1721.66
500871,2024-03-30,10421,2020,4,353.95,0.15,1203.43
501343,2024-03-30,10125,2060,5,927.82,0.0,4639.1
502047,2024-03-30,10130,2053,3,5717.05,0.1,15436.04
502307,2024-03-30,10154,2037,2,633.21,0.0,1266.42
503224,2024-03-30,10038,2027,3,1508.58,0.0,4525.74
500148,2024-03-31,10310,2046,2,425.19,0.2,680.3
501620,2024-03-31,10076,2033,1,501.81,0.2,401.45
502211,2024-03-31,10346,2058,1,3587.6,0.0,3587.6
502531,2024-03-31,10420,2034,4,1653.02,0.05,6281.48
502734,2024-03-31,10485,2014,3,1960.94,0.05,5588.68
504270,2024-03-31,10146,2032,2,937.76,0.15,1594.19
500791,2024-04-01,10357,2049,2,886.43,0.1,1595.57
501238,2024-04-01,10278,2032,3,937.76,0.0,2813.28
501348,2024-04-01,10379,2004,3,3195.85,0.0,9587.55
501466,2024-04-01,10452,2045,4,3130.69,0.15,10644.35
503036,2024-04-01,10017,2021,5,1215.08,0.15,5164.09
500046,2024-04-02,10415,2035,3,506.04,0.15,1290.4
500290,2024-04-02,10166,2044,3,1264.17,0.05,3602.88
502508,2024-04-02,10162,2016,1,2344.51,0.05,2227.28
503280,2024-04-02,10462,2020,3,353.95,0.0,1061.85
503687,2024-04-02,10057,2028,1,463.82,0.15,394.25
503706,2024-04-02,10127,2032,3,937.76,0.0,2813.28
504591,2024-04-02,10345,2041,2,3146.01,0.0,6292.02
500039,2024-04-03,10126,2003,5,3232.31,0.05,15353.47
501704,2024-04-03,10258,2020,2,353.95,0.15,601.71
502539,2024-04-03,10379,2040,2,2622.65,0.05,4983.04
503333,2024-04-03,10443,2042,1,629.87,0.15,535.39
503350,2024-04-03,10380,2055,2,4486.03,0.05,8523.46
503615,2024-04-03,10482,2050,4,2382.06,0.1,8575.42
504372,2024-04-03,10166,2020,5,353.95,0.15,1504.29
500701,2024-04-04,10125,2024,2,329.59,0.05,626.22
502270,2024-04-04,10177,2026,2,293.54,0.0,587.08
503493,2024-04-04,10128,2056,2,961.43,0.0,1922.86
503602,2024-04-04,10307,2002,2,175.29,0.2,280.46
504237,2024-04-04,10431,2032,5,937.76,0.05,4454.36
502296,2024-04-05,10100,2025,3,1010.25,0.0,3030.75
503042,2024-04-05,10345,2016,1,2344.51,0.05,2227.28
504793,2024-04-05,10071,2043,4,1014.67,0.0,4058.68
500089,2024-04-06,10390,2044,3,1264.17,0.05,3602.88
501135,2024-04-06,10465,2019,1,3291.33,0.2,2633.06
502398,2024-04-06,10067,2024,3,329.59,0.05,939.33
504074,2024-04-06,10178,2050,5,2382.06,0.0,11910.3
504386,2024-04-06,10428,2008,2,386.95,0.0,773.9
501141,2024-04-07,10031,2017,1,1145.42,0.15,973.61
501216,2024-04-07,10344,2013,4,379.72,0.15,1291.05
501408,2024-04-07,10375,2029,5,1516.17,0.15,6443.72
501981,2024-04-07,10026,2042,1,629.87,0.0,629.87
502726,2024-04-07,10170,2019,4,3291.33,0.0,13165.32
503296,2024-04-07,10110,2056,1,961.43,0.0,961.43
503610,2024-04-07,10034,2054,4,2674.42,0.0,10697.68
503814,2024-04-07,10103,2035,5,506.04,0.15,2150.67
504052,2024-04-07,10209,2025,2,1010.25,0.0,2020.5
504420,2024-04-07,10135,2006,3,599.64,0.0,1798.92
500361,2024-04-08,10314,2001,3,2873.46,0.0,8620.38
500970,2024-04-08,10459,2039,2,592.66,0.05,1126.05
503515,2024-04-08,10356,2029,4,1516.17,0.0,6064.68
504650,2024-04-08,10360,2004,4,3195.85,0.05,12144.23
504798,2024-04-08,10373,2005,4,1163.47,0.1,4188.49
504993,2024-04-08,10187,2032,1,937.76,0.0,937.76
500468,2024-04-09,10472,2024,5,329.59,0.05,1565.55
501642,2024-04-09,10422,2002,4,175.29,0.05,666.1
502456,2024-04-09,10149,2008,3,386.95,0.15,986.72
502644,2024-04-09,10342,2040,4,2622.65,0.15,8917.01
503180,2024-04-09,10496,2030,4,276.46,0.05,1050.55
503511,2024-04-09,10394,2016,1,2344.51,0.1,2110.06
504513,2024-04-09,10496,2002,2,175.29,0.0,350.58
501798,2024-04-10,10151,2030,1,276.46,0.05,262.64
502615,2024-04-10,10401,2034,5,1653.02,0.05,7851.84
503259,2024-04-10,10452,2058,5,3587.6,0.0,17938.0
502017,2024-04-11,10159,2026,2,293.54,0.05,557.73
502490,2024-04-11,10451,2029,4,1516.17,0.1,5458.21
502683,2024-04-11,10200,2023,3,1843.08,0.15,4699.85
500175,2024-04-12,10401,2014,1,1960.94,0.05,1862.89
500583,2024-04-12,10382,2035,1,506.04,0.1,455.44
500621,2024-04-12,10359,2053,2,5717.05,0.1,10290.69
500760,2024-04-12,10434,2049,2,886.43,0.0,1772.86
501187,2024-04-12,10205,2043,5,1014.67,0.0,5073.35
501923,2024-04-12,10085,2008,2,386.95,0.15,657.82
503410,2024-04-12,10275,2015,1,535.35,0.05,508.58
500391,2024-04-13,10123,2039,4,592.66,0.0,2370.64
502408,2024-04-13,10005,2021,1,1215.08,0.05,1154.33
502932,2024-04-13,10441,2051,2,957.15,0.05,1818.58
502965,2024-04-13,10457,2031,5,635.47,0.05,3018.48
503712,2024-04-13,10354,2046,5,425.19,0.05,2019.65
500804,2024-04-14,10158,2017,4,1145.42,0.1,4123.51
502545,2024-04-14,10095,2038,2,392.48,0.0,784.96
504626,2024-04-14,10428,2058,3,3587.6,0.0,10762.8
500317,2024-04-15,10482,2046,3,425.19,0.15,1084.23
501494,2024-04-15,10177,2012,2,1148.51,0.0,2297.02
501944,2024-04-15,10018,2049,4,886.43,0.05,3368.43
502645,2024-04-15,10387,2016,3,2344.51,0.0,7033.53
502978,2024-04-15,10288,2008,4,386.95,0.1,1393.02
503403,2024-04-15,10098,2049,3,886.43,0.0,2659.29
503808,2024-04-15,10391,2044,3,1264.17,0.05,3602.88
504379,2024-04-15,10187,2013,2,379.72,0.0,759.44
504709,2024-04-15,10314,2055,1,4486.03,0.05,4261.73
502997,2024-04-16,10348,2002,2,175.29,0.0,350.58
503176,2024-04-16,10338,2053,2,5717.05,0.0,11434.1
503234,2024-04-16,10314,2060,2,927.82,0.0,1855.64
503658,2024-04-16,10040,2048,5,842.22,0.05,4000.54
504039,2024-04-16,10285,2036,5,861.27,0.0,4306.35
504075,2024-04-16,10306,2014,1,1960.94,0.15,1666.8
504706,2024-04-16,10237,2008,1,386.95,0.05,367.6
500001,2024-04-17,10325,2004,1,3195.85,0.0,3195.85
500026,2024-04-17,10438,2006,1,599.64,0.05,569.66
500721,2024-04-17,10220,2054,2,2674.42,0.1,4813.96
501701,2024-04-17,10073,2041,5,3146.01,0.1,14157.05
502436,2024-04-17,10095,2031,2,635.47,0.05,1207.39
503598,2024-04-17,10359,2035,5,506.04,0.1,2277.18
504300,2024-04-17,10112,2048,3,842.22,0.1,2273.99
504940,2024-04-17,10430,2044,4,1264.17,0.1,4551.01
500869,2024-04-18,10369,2021,1,1215.08,0.05,1154.33
501057,2024-04-18,10308,2033,3,501.81,0.0,1505.43
501952,2024-04-18,10429,2053,4,5717.05,0.0,22868.2
502043,2024-04-18,10200,2059,2,457.8,0.0,915.6
502096,2024-04-18,10034,2016,2,2344.51,0.0,4689.02
502210,2024-04-18,10103,2059,5,457.8,0.0,2289.0
500322,2024-04-19,10051,2041,5,3146.01,0.0,15730.05
500903,2024-04-19,10371,2047,4,2201.3,0.0,8805.2
501075,2024-04-19,10118,2021,3,1215.08,0.05,3462.98
502275,2024-04-19,10051,2044,1,1264.17,0.15,1074.54
502636,2024-04-19,10106,2029,3,1516.17,0.0,4548.51
502851,2024-04-19,10051,2014,1,1960.94,0.05,1862.89
503705,2024-04-19,10187,2049,1,886.43,0.05,842.11
501052,2024-04-20,10494,2046,3,425.19,0.0,1275.57
501978,2024-04-20,10164,2053,3,5717.05,0.1,15436.04
502760,2024-04-20,10016,2004,5,3195.85,0.15,13582.36
503381,2024-04-20,10376,2036,5,861.27,0.0,4306.35
504197,2024-04-20,10072,2022,4,764.51,0.1,2752.24
504319,2024-04-20,10452,2005,3,1163.47,0.15,2966.85
500246,2024-04-21,10378,2019,3,3291.33,0.05,9380.29
502407,2024-04-21,10286,2022,2,764.51,0.1,1376.12
502725,2024-04-21,10260,2011,2,899.65,0.05,1709.33
502753,2024-04-21,10497,2004,1,3195.85,0.1,2876.26
503548,2024-04-21,10457,2011,1,899.65,0.05,854.67
501891,2024-04-22,10210,2039,5,592.66,0.05,2815.14
504040,2024-04-22,10466,2004,2,3195.85,0.0,6391.7
503035,2024-04-23,10272,2017,4,1145.42,0.15,3894.43
504335,2024-04-23,10069,2053,4,5717.05,0.0,22868.2
504944,2024-04-23,10106,2044,5,1264.17,0.2,5056.68
500073,2024-04-24,10082,2023,4,1843.08,0.1,6635.09
501321,2024-04-24,10355,2054,4,2674.42,0.1,9627.91
501357,2024-04-24,10175,2042,3,629.87,0.15,1606.17
501525,2024-04-24,10082,2010,3,383.48,0.1,1035.4
502236,2024-04-24,10022,2029,1,1516.17,0.2,1212.94
502962,2024-04-24,10421,2060,3,927.82,0.0,2783.46
503614,2024-04-24,10031,2053,5,5717.05,0.1,25726.72
500289,2024-04-25,10469,2033,4,501.81,0.15,1706.15
500332,2024-04-25,10304,2031,4,635.47,0.1,2287.69
501555,2024-04-25,10395,2041,5,3146.01,0.1,14157.05
502817,2024-04-25,10101,2045,4,3130.69,0.0,12522.76
503703,2024-04-25,10189,2029,4,1516.17,0.1,5458.21
504188,2024-04-25,10355,2032,4,937.76,0.1,3375.94
501239,2024-04-26,10143,2018,5,1912.96,0.0,9564.8
503140,2024-04-26,10017,2050,5,2382.06,0.05,11314.78
504118,2024-04-26,10178,2055,4,4486.03,0.0,17944.12
504357,2024-04-26,10283,2027,3,1508.58,0.2,3620.59
504365,2024-04-27,10138,2018,3,1912.96,0.2,4591.1
501388,2024-04-28,10493,2010,2,383.48,0.2,613.57
504145,2024-04-28,10207,2018,5,1912.96,0.1,8608.32
504999,2024-04-28,10439,2060,4,927.82,0.05,3525.72
500050,2024-04-29,10014,2004,1,3195.85,0.0,3195.85
500758,2024-04-29,10322,2024,5,329.59,0.1,1483.16
501293,2024-04-29,10205,2020,4,353.95,0.2,1132.64
501312,2024-04-29,10048,2005,1,1163.47,0.0,1163.47
501711,2024-04-29,10049,2007,3,1690.84,0.1,4565.27
503242,2024-04-29,10500,2034,1,1653.02,0.1,1487.72
500241,2024-04-30,10432,2008,5,386.95,0.0,1934.75
503204,2024-04-30,10052,2019,2,3291.33,0.2,5266.13
503420,2024-04-30,10064,2056,4,961.43,0.05,3653.43
503479,2024-04-30,10139,2003,2,3232.31,0.0,6464.62
504560,2024-04-30,10396,2019,3,3291.33,0.0,9873.99
504561,2024-04-30,10129,2052,1,4381.84,0.0,4381.84
500372,2024-05-01,10262,2020,2,353.95,0.05,672.5
501496,2024-05-01,10356,2009,5,1022.26,0.1,4600.17
501526,2024-05-01,10207,2053,3,5717.05,0.05,16293.59
503525,2024-05-01,10066,2010,1,383.48,0.05,364.31
503963,2024-05-01,10061,2032,3,937.76,0.0,2813.28
504010,2024-05-01,10029,2026,2,293.54,0.1,528.37
504855,2024-05-01,10124,2001,1,2873.46,0.05,2729.79
500749,2024-05-02,10451,2040,5,2622.65,0.1,11801.92
501358,2024-05-02,10126,2030,2,276.46,0.1,497.63
501442,2024-05-02,10291,2048,2,842.22,0.0,1684.44
502355,2024-05-02,10015,2042,2,629.87,0.15,1070.78
503608,2024-05-02,10304,2022,5,764.51,0.1,3440.3
504433,2024-05-02,10426,2018,4,1912.96,0.0,7651.84
504995,2024-05-02,10463,2036,2,861.27,0.05,1636.41
500293,2024-05-03,10495,2018,5,1912.96,0.15,8130.08
501998,2024-05-03,10129,2005,5,1163.47,0.1,5235.62
502372,2024-05-03,10343,2007,1,1690.84,0.0,1690.84
503578,2024-05-03,10287,2032,1,937.76,0.0,937.76
503675,2024-05-03,10125,2029,1,1516.17,0.0,1516.17
503688,2024-05-03,10286,2041,3,3146.01,0.0,9438.03
500019,2024-05-04,10494,2022,4,764.51,0.0,3058.04
500605,2024-05-04,10367,2004,5,3195.85,0.05,15180.29
501507,2024-05-04,10262,2007,2,1690.84,0.05,3212.6
502883,2024-05-04,10455,2034,2,1653.02,0.05,3140.74
504227,2024-05-04,10273,2011,4,899.65,0.1,3238.74
504895,2024-05-04,10104,2059,4,457.8,0.05,1739.64
500319,2024-05-05,10290,2027,3,1508.58,0.2,3620.59
501819,2024-05-05,10231,2012,5,1148.51,0.1,5168.3
504551,2024-05-05,10318,2013,3,379.72,0.05,1082.2
500005,2024-05-06,10380,2060,2,927.82,0.0,1855.64
500031,2024-05-06,10228,2060,1,927.82,0.1,835.04
501574,2024-05-06,10365,2010,3,383.48,0.0,1150.44
504314,2024-05-06,10263,2053,5,5717.05,0.0,28585.25
504789,2024-05-06,10141,2007,3,1690.84,0.0,5072.52
501671,2024-05-07,10271,2014,5,1960.94,0.0,9804.7
503098,2024-05-07,10197,2012,4,1148.51,0.0,4594.04
501436,2024-05-08,10138,2046,1,425.19,0.05,403.93
503991,2024-05-08,10171,2038,5,392.48,0.0,1962.4
504085,2024-05-08,10017,2019,2,3291.33,0.05,6253.53
502564,2024-05-09,10340,2010,3,383.48,0.1,1035.4
503906,2024-05-09,10050,2026,5,293.54,0.0,1467.7
502165,2024-05-10,10401,2029,5,1516.17,0.0,7580.85
502223,2024-05-10,10083,2049,2,886.43,0.0,1772.86
503545,2024-05-10,10094,2031,2,635.47,0.0,1270.94
503921,2024-05-10,10009,2011,1,899.65,0.1,809.68
500378,2024-05-11,10095,2038,3,392.48,0.2,941.95
502823,2024-05-11,10319,2002,4,175.29,0.05,666.1
500615,2024-05-12,10009,2009,1,1022.26,0.0,1022.26
500933,2024-05-12,10119,2004,1,3195.85,0.1,2876.26
501234,2024-05-12,10285,2027,4,1508.58,0.0,6034.32
501830,2024-05-12,10451,2013,4,379.72,0.1,1366.99
502465,2024-05-12,10250,2003,4,3232.31,0.0,12929.24
501665,2024-05-13,10228,2052,3,4381.84,0.0,13145.52
502106,2024-05-13,10048,2021,1,1215.08,0.15,1032.82
502340,2024-05-13,10012,2047,1,2201.3,0.1,1981.17
503818,2024-05-13,10274,2030,3,276.46,0.0,829.38
504442,2024-05-13,10035,2050,3,2382.06,0.05,6788.87
500353,2024-05-14,10471,2023,2,1843.08,0.0,3686.16
501055,2024-05-14,10299,2041,3,3146.01,0.0,9438.03
501397,2024-05-14,10319,2044,4,1264.17,0.05,4803.85
502319,2024-05-14,10327,2050,4,2382.06,0.05,9051.83
503457,2024-05-14,10204,2046,1,425.19,0.05,403.93
504281,2024-05-14,10164,2031,5,635.47,0.0,3177.35
503577,2024-05-15,10080,2057,5,1532.24,0.1,6895.08
503593,2024-05-15,10098,2056,5,961.43,0.0,4807.15
503931,2024-05-15,10203,2050,4,2382.06,0.1,8575.42
504147,2024-05-15,10475,2020,4,353.95,0.15,1203.43
504179,2024-05-15,10163,2050,5,2382.06,0.1,10719.27
500883,2024-05-16,10449,2033,2,501.81,0.0,1003.62
501589,2024-05-16,10485,2057,2,1532.24,0.1,2758.03
501791,2024-05-16,10165,2051,2,957.15,0.0,1914.3
501815,2024-05-16,10201,2026,2,293.54,0.15,499.02
503472,2024-05-16,10078,2029,5,1516.17,0.15,6443.72
503919,2024-05-16,10020,2011,2,899.65,0.1,1619.37
504968,2024-05-16,10340,2035,5,506.04,0.1,2277.18
500025,2024-05-17,10092,2038,5,392.48,0.05,1864.28
501463,2024-05-17,10275,2039,2,592.66,0.0,1185.32
501586,2024-05-17,10367,2039,2,592.66,0.05,1126.05
504737,2024-05-17,10081,2020,5,353.95,0.15,1504.29
500079,2024-05-18,10423,2036,3,861.27,0.0,2583.81
500365,2024-05-19,10396,2054,5,2674.42,0.0,13372.1
501880,2024-05-19,10121,2031,4,635.47,0.15,2160.6
501917,2024-05-19,10035,2011,2,899.65,0.0,1799.3
502039,2024-05-19,10035,2054,4,2674.42,0.0,10697.68
502143,2024-05-19,10499,2015,3,535.35,0.0,1606.05
503932,2024-05-19,10320,2014,3,1960.94,0.0,5882.82
504431,2024-05-19,10432,2042,1,629.87,0.0,629.87
504701,2024-05-19,10243,2026,3,293.54,0.0,880.62
500739,2024-05-20,10092,2005,5,1163.47,0.05,5526.48
501327,2024-05-20,10053,2006,1,599.64,0.0,599.64
501354,2024-05-20,10112,2058,2,3587.6,0.0,7175.2
501776,2024-05-20,10486,2003,5,3232.31,0.1,14545.4
501930,2024-05-20,10155,2017,5,1145.42,0.1,5154.39
502123,2024-05-20,10418,2002,1,175.29,0.05,166.53
502886,2024-05-20,10115,2026,1,293.54,0.05,278.86
502933,2024-05-20,10170,2005,3,1163.47,0.0,3490.41
501758,2024-05-21,10066,2002,3,175.29,0.15,446.99
501789,2024-05-21,10432,2027,2,1508.58,0.05,2866.3
502789,2024-05-21,10186,2036,1,861.27,0.15,732.08
503179,2024-05-21,10409,2009,5,1022.26,0.05,4855.73
503460,2024-05-21,10284,2050,2,2382.06,0.1,4287.71
504315,2024-05-21,10282,2054,2,2674.42,0.1,4813.96
501514,2024-05-22,10238,2050,5,2382.06,0.05,11314.78
502624,2024-05-22,10202,2052,5,4381.84,0.15,18622.82
502814,2024-05-22,10168,2048,1,842.22,0.0,842.22
502960,2024-05-22,10113,2019,3,3291.33,0.2,7899.19
503635,2024-05-22,10067,2019,3,3291.33,0.1,8886.59
504817,2024-05-22,10373,2052,3,4381.84,0.0,13145.52
500961,2024-05-23,10043,2040,3,2622.65,0.1,7081.16
500004,2024-05-24,10060,2011,3,899.65,0.15,2294.11
500218,2024-05-24,10226,2021,2,1215.08,0.0,2430.16
502575,2024-05-24,10190,2002,1,175.29,0.05,166.53
503862,2024-05-24,10151,2003,2,3232.31,0.05,6141.39
501364,2024-05-25,10497,2033,5,501.81,0.1,2258.15
503038,2024-05-25,10197,2046,1,425.19,0.1,382.67
503865,2024-05-26,10188,2048,5,842.22,0.05,4000.54
504073,2024-05-26,10128,2031,4,635.47,0.05,2414.79
500072,2024-05-27,10261,2050,1,2382.06,0.0,2382.06
501023,2024-05-27,10481,2025,4,1010.25,0.2,3232.8
502368,2024-05-27,10444,2047,5,2201.3,0.05,10456.17
502370,2024-05-27,10333,2040,1,2622.65,0.0,2622.65
504854,2024-05-27,10072,2059,2,457.8,0.15,778.26
500762,2024-05-28,10500,2059,3,457.8,0.2,1098.72
500859,2024-05-28,10494,2030,2,276.46,0.1,497.63
501700,2024-05-28,10297,2034,5,1653.02,0.0,8265.1
501729,2024-05-28,10492,2009,1,1022.26,0.1,920.03
502662,2024-05-28,10232,2015,4,535.35,0.0,2141.4
503003,2024-05-28,10292,2034,4,1653.02,0.15,5620.27
504478,2024-05-28,10029,2053,2,5717.05,0.05,10862.4
504520,2024-05-28,10299,2051,1,957.15,0.0,957.15
500420,2024-05-29,10023,2016,2,2344.51,0.2,3751.22
500603,2024-05-29,10487,2036,1,861.27,0.05,818.21
501969,2024-05-29,10025,2027,1,1508.58,0.0,1508.58
502475,2024-05-29,10489,2008,1,386.95,0.0,386.95
502633,2024-05-29,10496,2056,5,961.43,0.05,4566.79
502945,2024-05-29,10118,2059,3,457.8,0.15,1167.39
503144,2024-05-29,10363,2004,2,3195.85,0.1,5752.53
504429,2024-05-29,10124,2032,3,937.76,0.1,2531.95
504612,2024-05-29,10375,2022,5,764.51,0.05,3631.42
501012,2024-05-30,10120,2049,2,886.43,0.0,1772.86
501037,2024-05-30,10227,2041,3,3146.01,0.0,9438.03
503216,2024-05-31,10270,2034,5,1653.02,0.0,8265.1
503629,2024-05-31,10434,2028,3,463.82,0.1,1252.31
503640,2024-05-31,10050,2016,5,2344.51,0.15,9964.17
503969,2024-05-31,10039,2003,5,3232.31,0.0,16161.55
500009,2024-06-01,10082,2006,4,599.64,0.0,2398.56
500370,2024-06-01,10231,2057,5,1532.24,0.0,7661.2
500560,2024-06-01,10190,2024,4,329.59,0.2,1054.69
501212,2024-06-01,10422,2010,3,383.48,0.05,1092.92
503215,2024-06-01,10357,2037,5,633.21,0.0,3166.05
504355,2024-06-01,10468,2040,5,2622.65,0.0,13113.25
504555,2024-06-01,10100,2006,2,599.64,0.1,1079.35
500593,2024-06-02,10469,2055,5,4486.03,0.15,19065.63
501009,2024-06-02,10212,2030,3,276.46,0.0,829.38
501897,2024-06-02,10164,2029,5,1516.17,0.1,6822.76
502819,2024-06-02,10044,2050,2,2382.06,0.05,4525.91
503239,2024-06-02,10377,2051,1,957.15,0.2,765.72
504479,2024-06-02,10033,2015,1,535.35,0.15,455.05
500060,2024-06-03,10210,2045,5,3130.69,0.1,14088.11
501362,2024-06-03,10292,2015,2,535.35,0.05,1017.16
500034,2024-06-04,10111,2018,4,1912.96,0.1,6886.66
503150,2024-06-04,10442,2046,3,425.19,0.0,1275.57
503195,2024-06-04,10278,2056,3,961.43,0.05,2740.08
504024,2024-06-04,10014,2007,5,1690.84,0.1,7608.78
500198,2024-06-05,10434,2046,4,425.19,0.1,1530.68
500397,2024-06-05,10443,2009,2,1022.26,0.15,1737.84
503342,2024-06-05,10191,2055,3,4486.03,0.05,12785.19
503347,2024-06-05,10206,2038,5,392.48,0.15,1668.04
500983,2024-06-06,10050,2013,2,379.72,0.0,759.44
501910,2024-06-06,10253,2039,2,592.66,0.05,1126.05
502019,2024-06-06,10084,2047,3,2201.3,0.15,5613.32
502109,2024-06-06,10445,2054,4,2674.42,0.0,10697.68
504209,2024-06-06,10081,2032,3,937.76,0.15,2391.29
502090,2024-06-07,10450,2005,4,1163.47,0.1,4188.49
503670,2024-06-07,10140,2007,1,1690.84,0.0,1690.84
503877,2024-06-07,10406,2059,2,457.8,0.0,915.6
504371,2024-06-07,10345,2035,5,506.04,0.0,2530.2
500151,2024-06-08,10100,2023,3,1843.08,0.0,5529.24
503446,2024-06-08,10075,2024,5,329.59,0.15,1400.76
504774,2024-06-08,10431,2030,5,276.46,0.05,1313.18
501395,2024-06-09,10019,2044,5,1264.17,0.0,6320.85
503212,2024-06-09,10346,2007,5,1690.84,0.0,8454.2
503328,2024-06-09,10123,2035,3,506.04,0.15,1290.4
503992,2024-06-09,10021,2055,5,4486.03,0.15,19065.63
502831,2024-06-10,10367,2002,5,175.29,0.0,876.45
503477,2024-06-10,10439,2028,5,463.82,0.15,1971.24
504097,2024-06-10,10148,2025,1,1010.25,0.0,1010.25
504099,2024-06-10,10174,2019,3,3291.33,0.05,9380.29
504456,2024-06-10,10126,2038,4,392.48,0.2,1255.94
504500,2024-06-10,10411,2003,3,3232.31,0.2,7757.54
500661,2024-06-11,10175,2018,4,1912.96,0.0,7651.84
502332,2024-06-11,10034,2019,3,3291.33,0.15,8392.89
502731,2024-06-11,10444,2010,5,383.48,0.0,1917.4
500012,2024-06-12,10412,2006,4,599.64,0.0,2398.56
500138,2024-06-12,10445,2019,4,3291.33,0.1,11848.79
501390,2024-06-12,10454,2036,2,861.27,0.0,1722.54
501614,2024-06-12,10129,2047,3,2201.3,0.0,6603.9
502237,2024-06-12,10450,2041,4,3146.01,0.05,11954.84
503701,2024-06-12,10235,2044,1,1264.17,0.1,1137.75
503990,2024-06-12,10340,2031,1,635.47,0.15,540.15
500590,2024-06-13,10260,2005,1,1163.47,0.15,988.95
500717,2024-06-13,10055,2032,1,937.76,0.05,890.87
500851,2024-06-13,10481,2041,1,3146.01,0.05,2988.71
501528,2024-06-13,10089,2055,3,4486.03,0.0,13458.09
502554,2024-06-13,10304,2052,4,4381.84,0.15,14898.26
503160,2024-06-13,10263,2012,3,1148.51,0.0,3445.53
503419,2024-06-13,10354,2018,3,1912.96,0.15,4878.05
503940,2024-06-13,10092,2011,1,899.65,0.2,719.72
504863,2024-06-13,10200,2031,1,635.47,0.0,635.47
500430,2024-06-14,10418,2056,4,961.43,0.0,3845.72
501649,2024-06-14,10095,2001,1,2873.46,0.0,2873.46
503170,2024-06-14,10037,2023,4,1843.08,0.0,7372.32
503456,2024-06-14,10029,2010,5,383.48,0.05,1821.53
504106,2024-06-14,10260,2041,5,3146.01,0.0,15730.05
500394,2024-06-15,10326,2001,2,2873.46,0.1,5172.23
501235,2024-06-15,10125,2011,5,899.65,0.0,4498.25
502365,2024-06-15,10146,2018,4,1912.96,0.05,7269.25
502426,2024-06-15,10180,2027,2,1508.58,0.0,3017.16
502652,2024-06-15,10027,2027,4,1508.58,0.2,4827.46
500238,2024-06-16,10362,2025,2,1010.25,0.0,2020.5
500465,2024-06-16,10310,2049,3,886.43,0.0,2659.29
500857,2024-06-16,10003,2036,3,861.27,0.15,2196.24
502485,2024-06-16,10376,2044,1,1264.17,0.15,1074.54
504515,2024-06-16,10222,2035,2,506.04,0.0,1012.08
504918,2024-06-16,10403,2011,3,899.65,0.15,2294.11
501196,2024-06-17,10224,2052,3,4381.84,0.0,13145.52
502786,2024-06-17,10376,2028,1,463.82,0.1,417.44
502069,2024-06-18,10386,2027,3,1508.58,0.05,4299.45
502523,2024-06-18,10250,2023,4,1843.08,0.1,6635.09
502663,2024-06-18,10342,2037,4,633.21,0.0,2532.84
502898,2024-06-18,10145,2056,1,961.43,0.0,961.43
503803,2024-06-18,10113,2033,4,501.81,0.0,2007.24
504826,2024-06-18,10403,2037,5,633.21,0.1,2849.44
503020,2024-06-19,10256,2035,2,506.04,0.15,860.27
504787,2024-06-19,10445,2002,3,175.29,0.0,525.87
500002,2024-06-20,10376,2045,1,3130.69,0.05,2974.16
500924,2024-06-20,10049,2032,5,937.76,0.0,4688.8
502768,2024-06-20,10259,2009,3,1022.26,0.0,3066.78
502967,2024-06-20,10283,2053,4,5717.05,0.05,21724.79
503650,2024-06-20,10043,2053,4,5717.05,0.05,21724.79
501264,2024-06-21,10221,2048,2,842.22,0.05,1600.22
502528,2024-06-21,10270,2060,1,927.82,0.1,835.04
502706,2024-06-21,10346,2003,2,3232.31,0.0,6464.62
502711,2024-06-21,10455,2015,4,535.35,0.0,2141.4
504544,2024-06-21,10280,2028,1,463.82,0.0,463.82
501296,2024-06-22,10241,2045,5,3130.69,0.0,15653.45
502062,2024-06-22,10500,2048,3,842.22,0.1,2273.99
504434,2024-06-22,10038,2007,3,1690.84,0.0,5072.52
501204,2024-06-23,10399,2022,2,764.51,0.0,1529.02
503580,2024-06-23,10092,2006,1,599.64,0.1,539.68
504132,2024-06-23,10279,2005,1,1163.47,0.1,1047.12
501881,2024-06-24,10168,2017,4,1145.42,0.0,4581.68
502034,2024-06-24,10034,2025,1,1010.25,0.0,1010.25
502541,2024-06-24,10173,2035,3,506.04,0.0,1518.12
504345,2024-06-24,10448,2007,4,1690.84,0.0,6763.36
504682,2024-06-24,10261,2059,4,457.8,0.0,1831.2
504962,2024-06-24,10107,2042,2,629.87,0.1,1133.77
501787,2024-06-25,10207,2043,2,1014.67,0.0,2029.34
502626,2024-06-25,10026,2043,4,1014.67,0.05,3855.75
503970,2024-06-25,10301,2013,2,379.72,0.05,721.47
504436,2024-06-25,10056,2051,4,957.15,0.15,3254.31
504879,2024-06-25,10143,2028,5,463.82,0.15,1971.24
500751,2024-06-26,10270,2020,1,353.95,0.05,336.25
502818,2024-06-26,10226,2057,4,1532.24,0.2,4903.17
503187,2024-06-26,10078,2052,4,4381.84,0.0,17527.36
503657,2024-06-26,10166,2053,3,5717.05,0.0,17151.15
503807,2024-06-26,10152,2058,4,3587.6,0.0,14350.4
504199,2024-06-26,10478,2053,4,5717.05,0.1,20581.38
504889,2024-06-26,10202,2060,4,927.82,0.0,3711.28
501375,2024-06-27,10162,2047,4,2201.3,0.15,7484.42
502931,2024-06-27,10415,2020,1,353.95,0.0,353.95
503082,2024-06-27,10257,2007,1,1690.84,0.05,1606.3
503194,2024-06-27,10325,2035,2,506.04,0.0,1012.08
500369,2024-06-28,10291,2014,5,1960.94,0.2,7843.76
500543,2024-06-28,10432,2021,1,1215.08,0.0,1215.08
501481,2024-06-28,10436,2018,4,1912.96,0.0,7651.84
502068,2024-06-28,10242,2055,4,4486.03,0.15,15252.5
502896,2024-06-28,10172,2013,5,379.72,0.0,1898.6
500350,2024-06-29,10438,2037,2,633.21,0.0,1266.42
501049,2024-06-29,10330,2002,2,175.29,0.05,333.05
501281,2024-06-29,10361,2036,2,861.27,0.05,1636.41
501892,2024-06-29,10193,2038,5,392.48,0.05,1864.28
503156,2024-06-29,10350,2026,1,293.54,0.15,249.51
502397,2024-06-30,10288,2020,3,353.95,0.0,1061.85
500820,2024-07-01,10085,2011,3,899.65,0.0,2698.95
503232,2024-07-01,10290,2036,4,861.27,0.15,2928.32
504193,2024-07-01,10090,2042,5,629.87,0.0,3149.35
504888,2024-07-01,10418,2021,4,1215.08,0.0,4860.32
500069,2024-07-02,10378,2054,5,2674.42,0.1,12034.89
500363,2024-07-02,10057,2049,1,886.43,0.0,886.43
501967,2024-07-02,10426,2010,3,383.48,0.05,1092.92
502247,2024-07-02,10121,2019,5,3291.33,0.05,15633.82
502503,2024-07-02,10446,2052,3,4381.84,0.05,12488.24
503563,2024-07-02,10328,2038,2,392.48,0.05,745.71
504228,2024-07-02,10246,2007,1,1690.84,0.1,1521.76
500030,2024-07-03,10437,2046,1,425.19,0.0,425.19
501034,2024-07-03,10095,2008,2,386.95,0.1,696.51
501203,2024-07-03,10211,2059,1,457.8,0.1,412.02
504726,2024-07-03,10443,2047,2,2201.3,0.05,4182.47
500497,2024-07-04,10285,2006,1,599.64,0.05,569.66
501635,2024-07-04,10256,2002,3,175.29,0.1,473.28
502142,2024-07-04,10267,2012,3,1148.51,0.0,3445.53
502178,2024-07-04,10362,2013,5,379.72,0.1,1708.74
504336,2024-07-04,10295,2014,1,1960.94,0.0,1960.94
504764,2024-07-04,10252,2025,2,1010.25,0.15,1717.42
500158,2024-07-05,10264,2056,3,961.43,0.1,2595.86
501099,2024-07-05,10421,2025,1,1010.25,0.1,909.22
501686,2024-07-06,10007,2047,2,2201.3,0.0,4402.6
503443,2024-07-06,10219,2016,4,2344.51,0.0,9378.04
501300,2024-07-07,10247,2056,4,961.43,0.0,3845.72
501438,2024-07-07,10033,2010,4,383.48,0.05,1457.22
502974,2024-07-07,10448,2022,4,764.51,0.05,2905.14
503569,2024-07-07,10057,2018,3,1912.96,0.05,5451.94
504313,2024-07-07,10167,2055,2,4486.03,0.0,8972.06
500404,2024-07-08,10018,2055,5,4486.03,0.0,22430.15
501051,2024-07-08,10036,2055,5,4486.03,0.0,22430.15
501984,2024-07-08,10129,2019,3,3291.33,0.1,8886.59
502269,2024-07-08,10382,2040,2,2622.65,0.05,4983.04
502959,2024-07-08,10382,2005,3,1163.47,0.15,2966.85
502972,2024-07-08,10403,2045,3,3130.69,0.05,8922.47
504143,2024-07-08,10256,2046,1,425.19,0.0,425.19
503151,2024-07-09,10203,2036,1,861.27,0.0,861.27
503236,2024-07-09,10177,2015,5,535.35,0.15,2275.24
503589,2024-07-09,10468,2055,2,4486.03,0.0,8972.06
501110,2024-07-10,10434,2005,1,1163.47,0.15,988.95
503158,2024-07-10,10338,2026,2,293.54,0.15,499.02
500085,2024-07-11,10300,2041,2,3146.01,0.0,6292.02
500401,2024-07-11,10067,2022,3,764.51,0.05,2178.85
501834,2024-07-11,10020,2027,3,1508.58,0.0,4525.74
501847,2024-07-11,10454,2023,5,1843.08,0.2,7372.32
503155,2024-07-11,10255,2022,3,764.51,0.0,2293.53
504260,2024-07-11,10036,2046,5,425.19,0.0,2125.95
504541,2024-07-11,10019,2055,5,4486.03,0.05,21308.64
504667,2024-07-11,10123,2011,2,899.65,0.15,1529.4
502050,2024-07-12,10162,2009,4,1022.26,0.15,3475.68
502504,2024-07-12,10360,2038,4,392.48,0.15,1334.43
503955,2024-07-12,10427,2048,4,842.22,0.0,3368.88
504908,2024-07-12,10208,2016,4,2344.51,0.1,8440.24
504926,2024-07-12,10408,2006,1,599.64,0.1,539.68
504936,2024-07-12,10195,2020,2,353.95,0.0,707.9
501179,2024-07-13,10264,2002,2,175.29,0.05,333.05
501365,2024-07-13,10005,2056,2,961.43,0.0,1922.86
501576,2024-07-13,10425,2040,1,2622.65,0.0,2622.65
501707,2024-07-13,10428,2052,3,4381.84,0.1,11830.97
503244,2024-07-13,10247,2037,5,633.21,0.1,2849.44
503484,2024-07-13,10004,2030,2,276.46,0.1,497.63
500062,2024-07-14,10379,2053,1,5717.05,0.1,5145.34
501015,2024-07-14,10337,2055,5,4486.03,0.05,21308.64
501108,2024-07-14,10129,2047,4,2201.3,0.0,8805.2
503757,2024-07-14,10422,2021,5,1215.08,0.0,6075.4
500381,2024-07-15,10093,2009,3,1022.26,0.15,2606.76
501166,2024-07-15,10106,2017,5,1145.42,0.05,5440.74
502433,2024-07-15,10486,2004,3,3195.85,0.0,9587.55
503163,2024-07-15,10376,2020,4,353.95,0.1,1274.22
500359,2024-07-16,10290,2027,5,1508.58,0.0,7542.9
501123,2024-07-16,10398,2059,1,457.8,0.1,412.02
501189,2024-07-16,10154,2006,1,599.64,0.0,599.64
501219,2024-07-16,10441,2055,2,4486.03,0.1,8074.85
502028,2024-07-16,10030,2052,3,4381.84,0.05,12488.24
502581,2024-07-16,10364,2035,2,506.04,0.05,961.48
502771,2024-07-16,10162,2018,5,1912.96,0.15,8130.08
502841,2024-07-16,10219,2014,1,1960.94,0.0,1960.94
503876,2024-07-16,10337,2051,2,957.15,0.0,1914.3
504557,2024-07-16,10016,2026,3,293.54,0.0,880.62
500909,2024-07-17,10068,2009,2,1022.26,0.1,1840.07
502170,2024-07-17,10282,2027,3,1508.58,0.05,4299.45
503316,2024-07-17,10136,2040,4,2622.65,0.1,9441.54
503579,2024-07-17,10497,2041,2,3146.01,0.0,6292.02
503883,2024-07-17,10460,2017,5,1145.42,0.1,5154.39
504874,2024-07-17,10183,2024,3,329.59,0.2,791.02
500564,2024-07-18,10271,2008,4,386.95,0.0,1547.8
500764,2024-07-18,10307,2043,2,1014.67,0.0,2029.34
501207,2024-07-18,10211,2047,2,2201.3,0.1,3962.34
501267,2024-07-18,10386,2048,1,842.22,0.15,715.89
502999,2024-07-18,10033,2059,3,457.8,0.05,1304.73
504457,2024-07-18,10438,2035,5,506.04,0.0,2530.2
500528,2024-07-19,10032,2037,5,633.21,0.0,3166.05
502862,2024-07-19,10444,2011,4,899.65,0.0,3598.6
504549,2024-07-19,10080,2032,3,937.76,0.0,2813.28
500336,2024-07-20,10185,2043,4,1014.67,0.15,3449.88
504604,2024-07-20,10353,2033,1,501.81,0.0,501.81
501480,2024-07-21,10477,2031,3,635.47,0.1,1715.77
503322,2024-07-21,10394,2021,5,1215.08,0.0,6075.4
503878,2024-07-21,10136,2037,2,633.21,0.0,1266.42
503943,2024-07-21,10083,2008,2,386.95,0.1,696.51
504532,2024-07-21,10169,2016,1,2344.51,0.0,2344.51
504622,2024-07-21,10295,2007,2,1690.84,0.15,2874.43
504729,2024-07-21,10069,2047,5,2201.3,0.0,11006.5
504802,2024-07-21,10383,2012,3,1148.51,0.0,3445.53
500003,2024-07-22,10481,2001,5,2873.46,0.1,12930.57
500091,2024-07-22,10420,2047,4,2201.3,0.0,8805.2
502334,2024-07-22,10432,2009,2,1022.26,0.0,2044.52
502629,2024-07-22,10466,2040,1,2622.65,0.0,2622.65
502743,2024-07-22,10122,2054,3,2674.42,0.1,7220.93
503165,2024-07-22,10307,2025,4,1010.25,0.05,3838.95
503550,2024-07-22,10259,2056,5,961.43,0.05,4566.79
504672,2024-07-22,10378,2004,3,3195.85,0.15,8149.42
500163,2024-07-23,10105,2029,3,1516.17,0.0,4548.51
502279,2024-07-23,10308,2055,4,4486.03,0.05,17046.91
502667,2024-07-23,10128,2059,4,457.8,0.1,1648.08
504287,2024-07-23,10071,2007,4,1690.84,0.05,6425.19
500133,2024-07-24,10465,2013,2,379.72,0.05,721.47
501605,2024-07-24,10100,2053,3,5717.05,0.0,17151.15
501702,2024-07-24,10011,2047,1,2201.3,0.05,2091.24
502389,2024-07-24,10433,2043,2,1014.67,0.0,2029.34
502520,2024-07-24,10379,2012,5,1148.51,0.0,5742.55
503210,2024-07-24,10109,2012,2,1148.51,0.0,2297.02
504583,2024-07-24,10252,2024,2,329.59,0.0,659.18
501039,2024-07-25,10004,2054,3,2674.42,0.15,6819.77
501902,2024-07-25,10102,2017,3,1145.42,0.0,3436.26
502356,2024-07-25,10251,2038,1,392.48,0.15,333.61
502826,2024-07-25,10327,2021,5,1215.08,0.0,6075.4
504989,2024-07-25,10463,2048,2,842.22,0.1,1516.0
501389,2024-07-26,10460,2057,1,1532.24,0.0,1532.24
501522,2024-07-26,10112,2003,4,3232.31,0.1,11636.32
502948,2024-07-26,10373,2014,1,1960.94,0.2,1568.75
503604,2024-07-26,10140,2001,5,2873.46,0.0,14367.3
503804,2024-07-26,10057,2024,4,329.59,0.15,1120.61
500429,2024-07-27,10003,2051,2,957.15,0.15,1627.16
500541,2024-07-27,10254,2007,1,1690.84,0.2,1352.67
501490,2024-07-27,10113,2036,2,861.27,0.0,1722.54
502708,2024-07-27,10009,2032,1,937.76,0.1,843.98
503416,2024-07-27,10471,2012,2,1148.51,0.0,2297.02
503430,2024-07-27,10494,2027,2,1508.58,0.0,3017.16
503732,2024-07-27,10488,2018,2,1912.96,0.1,3443.33
503981,2024-07-27,10149,2059,5,457.8,0.2,1831.2
504208,2024-07-27,10048,2052,3,4381.84,0.0,13145.52
504916,2024-07-27,10109,2012,2,1148.51,0.05,2182.17
503844,2024-07-28,10098,2005,1,1163.47,0.0,1163.47
500077,2024-07-29,10320,2049,2,886.43,0.0,1772.86
501552,2024-07-29,10486,2021,3,1215.08,0.1,3280.72
501775,2024-07-29,10494,2013,3,379.72,0.0,1139.16
501980,2024-07-29,10252,2017,1,1145.42,0.05,1088.15
503858,2024-07-29,10094,2026,4,293.54,0.05,1115.45
504476,2024-07-29,10394,2047,5,2201.3,0.15,9355.52
500685,2024-07-30,10095,2025,2,1010.25,0.1,1818.45
501104,2024-07-30,10026,2002,3,175.29,0.0,525.87
501698,2024-07-30,10266,2015,4,535.35,0.0,2141.4
501929,2024-07-30,10383,2021,4,1215.08,0.2,3888.26
502104,2024-07-30,10328,2055,2,4486.03,0.0,8972.06
502885,2024-07-30,10176,2007,3,1690.84,0.0,5072.52
503050,2024-07-30,10355,2011,3,899.65,0.0,2698.95
504785,2024-07-30,10117,2026,5,293.54,0.1,1320.93
504932,2024-07-30,10378,2040,2,2622.65,0.05,4983.04
500028,2024-07-31,10488,2033,3,501.81,0.0,1505.43
501432,2024-07-31,10089,2027,1,1508.58,0.0,1508.58
501529,2024-07-31,10070,2034,5,1653.02,0.0,8265.1
503510,2024-07-31,10334,2044,4,1264.17,0.0,5056.68
503795,2024-07-31,10004,2036,5,861.27,0.05,4091.03
504239,2024-07-31,10067,2035,1,506.04,0.0,506.04
500868,2024-08-01,10190,2031,1,635.47,0.1,571.92
501255,2024-08-01,10376,2011,1,899.65,0.15,764.7
501931,2024-08-01,10035,2035,3,506.04,0.0,1518.12
502597,2024-08-01,10081,2047,2,2201.3,0.0,4402.6
502840,2024-08-01,10476,2052,3,4381.84,0.05,12488.24
504009,2024-08-01,10014,2052,3,4381.84,0.0,13145.52
500620,2024-08-02,10238,2060,5,927.82,0.0,4639.1
503018,2024-08-02,10128,2054,2,2674.42,0.05,5081.4
500856,2024-08-03,10133,2044,2,1264.17,0.0,2528.34
502472,2024-08-03,10054,2049,5,886.43,0.0,4432.15
502927,2024-08-03,10144,2045,4,3130.69,0.1,11270.48
503250,2024-08-03,10060,2001,2,2873.46,0.15,4884.88
504501,2024-08-03,10364,2007,1,1690.84,0.05,1606.3
504577,2024-08-03,10242,2021,4,1215.08,0.05,4617.3
501060,2024-08-04,10143,2013,1,379.72,0.1,341.75
503414,2024-08-04,10013,2006,2,599.64,0.0,1199.28
503487,2024-08-04,10061,2002,5,175.29,0.05,832.63
503582,2024-08-04,10235,2038,4,392.48,0.05,1491.42
501449,2024-08-05,10260,2047,1,2201.3,0.0,2201.3
501792,2024-08-05,10266,2012,3,1148.51,0.05,3273.25
503000,2024-08-05,10171,2032,5,937.76,0.0,4688.8
503575,2024-08-05,10419,2028,3,463.82,0.0,1391.46
500555,2024-08-06,10204,2008,1,386.95,0.0,386.95
502014,2024-08-06,10410,2018,2,1912.96,0.0,3825.92
502084,2024-08-06,10227,2033,1,501.81,0.15,426.54
502168,2024-08-06,10047,2031,1,635.47,0.0,635.47
502697,2024-08-06,10474,2044,4,1264.17,0.15,4298.18
503567,2024-08-06,10372,2046,5,425.19,0.05,2019.65
503954,2024-08-06,10036,2055,5,4486.03,0.05,21308.64
504548,2024-08-06,10018,2003,5,3232.31,0.05,15353.47
504775,2024-08-06,10009,2048,5,842.22,0.0,4211.1
500253,2024-08-07,10091,2028,1,463.82,0.0,463.82
500578,2024-08-07,10361,2026,5,293.54,0.15,1247.54
503105,2024-08-07,10099,2013,1,379.72,0.1,341.75
503913,2024-08-07,10286,2031,2,635.47,0.1,1143.85
500554,2024-08-08,10113,2060,3,927.82,0.15,2365.94
500990,2024-08-08,10391,2048,4,842.22,0.15,2863.55
501537,2024-08-08,10267,2018,5,1912.96,0.1,8608.32
503726,2024-08-08,10383,2036,5,861.27,0.1,3875.72
504646,2024-08-08,10001,2035,1,506.04,0.05,480.74
504668,2024-08-08,10486,2038,5,392.48,0.1,1766.16
500981,2024-08-09,10271,2054,1,2674.42,0.0,2674.42
501788,2024-08-10,10428,2022,3,764.51,0.0,2293.53
501854,2024-08-10,10357,2052,4,4381.84,0.1,15774.62
503397,2024-08-10,10166,2010,1,383.48,0.05,364.31
503678,2024-08-10,10164,2009,2,1022.26,0.0,2044.52
504942,2024-08-10,10149,2049,2,886.43,0.05,1684.22
500302,2024-08-12,10388,2029,3,1516.17,0.05,4321.08
502641,2024-08-12,10099,2021,1,1215.08,0.0,1215.08
502911,2024-08-12,10093,2059,4,457.8,0.05,1739.64
503310,2024-08-12,10342,2022,4,764.51,0.1,2752.24
504047,2024-08-12,10371,2058,4,3587.6,0.15,12197.84
500201,2024-08-13,10289,2040,2,2622.65,0.1,4720.77
500649,2024-08-13,10315,2019,5,3291.33,0.0,16456.65
501087,2024-08-13,10161,2030,1,276.46,0.0,276.46
501302,2024-08-13,10235,2007,3,1690.84,0.0,5072.52
501609,2024-08-13,10295,2024,5,329.59,0.05,1565.55
502308,2024-08-13,10070,2045,4,3130.69,0.2,10018.21
504382,2024-08-13,10447,2039,3,592.66,0.2,1422.38
500905,2024-08-14,10264,2004,4,3195.85,0.1,11505.06
501035,2024-08-14,10169,2006,3,599.64,0.0,1798.92
502445,2024-08-14,10346,2054,1,2674.42,0.2,2139.54
504092,2024-08-14,10404,2053,1,5717.05,0.0,5717.05
504530,2024-08-14,10440,2003,5,3232.31,0.15,13737.32
504714,2024-08-14,10115,2055,1,4486.03,0.0,4486.03
500777,2024-08-15,10291,2049,4,886.43,0.0,3545.72
501061,2024-08-15,10259,2046,1,425.19,0.05,403.93
501459,2024-08-15,10314,2046,4,425.19,0.0,1700.76
501581,2024-08-15,10273,2006,4,599.64,0.15,2038.78
502562,2024-08-15,10437,2010,3,383.48,0.0,1150.44
502973,2024-08-15,10196,2031,4,635.47,0.05,2414.79
503063,2024-08-15,10037,2053,2,5717.05,0.2,9147.28
504195,2024-08-15,10209,2041,5,3146.01,0.0,15730.05
500281,2024-08-16,10120,2038,5,392.48,0.0,1962.4
500863,2024-08-16,10388,2038,3,392.48,0.05,1118.57
501144,2024-08-16,10101,2009,2,1022.26,0.05,1942.29
503405,2024-08-16,10158,2055,1,4486.03,0.15,3813.13
504471,2024-08-16,10309,2034,2,1653.02,0.1,2975.44
504576,2024-08-16,10151,2018,3,1912.96,0.0,5738.88
500216,2024-08-17,10165,2008,5,386.95,0.0,1934.75
501128,2024-08-17,10480,2031,1,635.47,0.0,635.47
501175,2024-08-17,10044,2030,2,276.46,0.0,552.92
503141,2024-08-17,10473,2006,3,599.64,0.1,1619.03
503249,2024-08-17,10304,2010,1,383.48,0.1,345.13
500084,2024-08-18,10107,2031,2,635.47,0.1,1143.85
502362,2024-08-18,10416,2031,3,635.47,0.0,1906.41
502856,2024-08-18,10117,2018,1,1912.96,0.0,1912.96
500579,2024-08-19,10452,2005,4,1163.47,0.0,4653.88
500706,2024-08-19,10276,2039,4,592.66,0.05,2252.11
502488,2024-08-19,10049,2053,3,5717.05,0.15,14578.48
503619,2024-08-19,10103,2038,3,392.48,0.0,1177.44
503854,2024-08-19,10166,2004,2,3195.85,0.05,6072.12
503989,2024-08-19,10239,2014,1,1960.94,0.0,1960.94
504059,2024-08-19,10491,2038,2,392.48,0.0,784.96
500705,2024-08-20,10354,2047,2,2201.3,0.05,4182.47
501627,2024-08-20,10156,2045,2,3130.69,0.05,5948.31
501641,2024-08-20,10159,2027,2,1508.58,0.1,2715.44
502085,2024-08-20,10369,2045,1,3130.69,0.1,2817.62
503064,2024-08-20,10124,2015,4,535.35,0.0,2141.4
503961,2024-08-20,10389,2045,4,3130.69,0.05,11896.62
504019,2024-08-20,10288,2007,3,1690.84,0.1,4565.27
504401,2024-08-20,10017,2013,4,379.72,0.05,1442.94
504615,2024-08-20,10153,2025,4,1010.25,0.0,4041.0
500757,2024-08-21,10315,2008,3,386.95,0.0,1160.85
501633,2024-08-21,10071,2060,5,927.82,0.05,4407.15
501786,2024-08-21,10140,2010,2,383.48,0.15,651.92
502033,2024-08-21,10007,2026,4,293.54,0.05,1115.45
502289,2024-08-21,10147,2059,5,457.8,0.05,2174.55
502379,2024-08-21,10175,2056,5,961.43,0.2,3845.72
503148,2024-08-21,10041,2049,5,886.43,0.0,4432.15
503454,2024-08-21,10484,2022,4,764.51,0.1,2752.24
503501,2024-08-21,10258,2002,4,175.29,0.0,701.16
504203,2024-08-21,10238,2052,1,4381.84,0.0,4381.84
504605,2024-08-21,10041,2016,3,2344.51,0.2,5626.82
504735,2024-08-21,10488,2035,5,506.04,0.0,2530.2
500648,2024-08-22,10213,2015,5,535.35,0.0,2676.75
500844,2024-08-22,10071,2040,1,2622.65,0.05,2491.52
500977,2024-08-22,10262,2024,1,329.59,0.05,313.11
501265,2024-08-22,10417,2014,1,1960.94,0.0,1960.94
502358,2024-08-22,10495,2002,2,175.29,0.05,333.05
503021,2024-08-22,10083,2045,1,3130.69,0.0,3130.69
500038,2024-08-23,10145,2002,3,175.29,0.0,525.87
501827,2024-08-23,10133,2003,3,3232.31,0.05,9212.08
502843,2024-08-23,10419,2050,1,2382.06,0.15,2024.75
503470,2024-08-23,10229,2044,5,1264.17,0.05,6004.81
501636,2024-08-24,10168,2030,2,276.46,0.15,469.98
503978,2024-08-24,10039,2040,2,2622.65,0.1,4720.77
500340,2024-08-25,10060,2017,4,1145.42,0.15,3894.43
500632,2024-08-25,10319,2001,1,2873.46,0.05,2729.79
503111,2024-08-25,10297,2036,3,861.27,0.1,2325.43
503916,2024-08-25,10029,2043,1,1014.67,0.1,913.2
503967,2024-08-25,10028,2008,2,386.95,0.0,773.9
504509,2024-08-25,10374,2006,5,599.64,0.0,2998.2
504656,2024-08-25,10405,2052,2,4381.84,0.0,8763.68
501451,2024-08-26,10115,2055,4,4486.03,0.15,15252.5
502957,2024-08-26,10269,2019,1,3291.33,0.1,2962.2
504695,2024-08-26,10467,2044,2,1264.17,0.2,2022.67
504964,2024-08-26,10455,2034,2,1653.02,0.0,3306.04
502338,2024-08-27,10045,2009,2,1022.26,0.0,2044.52
503248,2024-08-27,10298,2021,3,1215.08,0.1,3280.72
503313,2024-08-27,10477,2020,2,353.95,0.15,601.71
504538,2024-08-27,10165,2023,1,1843.08,0.05,1750.93
500638,2024-08-28,10174,2021,2,1215.08,0.0,2430.16
502196,2024-08-28,10109,2005,4,1163.47,0.05,4421.19
503625,2024-08-28,10071,2054,2,2674.42,0.1,4813.96
504687,2024-08-28,10298,2039,3,592.66,0.0,1777.98
504938,2024-08-28,10124,2056,3,961.43,0.2,2307.43
500217,2024-08-29,10136,2056,2,961.43,0.0,1922.86
500230,2024-08-29,10173,2034,1,1653.02,0.0,1653.02
502476,2024-08-29,10264,2041,5,3146.01,0.0,15730.05
503756,2024-08-29,10076,2020,2,353.95,0.05,672.5
504531,2024-08-29,10075,2029,4,1516.17,0.1,5458.21
500193,2024-08-30,10109,2030,4,276.46,0.0,1105.84
500684,2024-08-30,10265,2012,3,1148.51,0.05,3273.25
501487,2024-08-30,10386,2015,3,535.35,0.15,1365.14
502533,2024-08-30,10030,2003,4,3232.31,0.0,12929.24
502916,2024-08-30,10105,2003,5,3232.31,0.0,16161.55
502964,2024-08-30,10199,2057,5,1532.24,0.05,7278.14
503115,2024-08-30,10029,2024,1,329.59,0.1,296.63
503371,2024-08-30,10418,2026,4,293.54,0.05,1115.45
503673,2024-08-30,10385,2038,3,392.48,0.05,1118.57
504822,2024-08-30,10402,2004,3,3195.85,0.0,9587.55
500918,2024-08-31,10123,2043,4,1014.67,0.0,4058.68
501031,2024-08-31,10127,2060,1,927.82,0.15,788.65
501960,2024-08-31,10022,2010,1,383.48,0.0,383.48
502193,2024-08-31,10050,2030,1,276.46,0.15,234.99
503782,2024-08-31,10009,2009,3,1022.26,0.0,3066.78
504526,2024-08-31,10021,2009,2,1022.26,0.05,1942.29
501013,2024-09-01,10155,2040,1,2622.65,0.1,2360.39
501568,2024-09-01,10077,2059,2,457.8,0.0,915.6
502529,2024-09-01,10169,2057,4,1532.24,0.15,5209.62
500076,2024-09-02,10283,2049,4,886.43,0.0,3545.72
500233,2024-09-02,10267,2033,2,501.81,0.1,903.26
501085,2024-09-02,10459,2045,2,3130.69,0.05,5948.31
503547,2024-09-02,10235,2054,1,2674.42,0.0,2674.42
504103,2024-09-02,10119,2036,3,861.27,0.05,2454.62
501521,2024-09-03,10433,2028,2,463.82,0.1,834.88
502694,2024-09-03,10457,2027,4,1508.58,0.2,4827.46
504852,2024-09-03,10003,2059,3,457.8,0.0,1373.4
504954,2024-09-03,10080,2028,1,463.82,0.0,463.82
501723,2024-09-04,10385,2012,1,1148.51,0.05,1091.08
504018,2024-09-04,10072,2047,4,2201.3,0.1,7924.68
503424,2024-09-05,10491,2024,5,329.59,0.05,1565.55
503755,2024-09-05,10099,2034,2,1653.02,0.1,2975.44
504245,2024-09-05,10224,2042,5,629.87,0.2,2519.48
500203,2024-09-06,10334,2030,4,276.46,0.1,995.26
503935,2024-09-06,10034,2050,5,2382.06,0.0,11910.3
500587,2024-09-07,10295,2044,4,1264.17,0.05,4803.85
500679,2024-09-07,10142,2020,2,353.95,0.05,672.5
500803,2024-09-07,10081,2021,5,1215.08,0.2,4860.32
504161,2024-09-07,10003,2041,3,3146.01,0.05,8966.13
501370,2024-09-08,10320,2045,3,3130.69,0.1,8452.86
501829,2024-09-08,10021,2025,5,1010.25,0.0,5051.25
501973,2024-09-08,10431,2039,2,592.66,0.15,1007.52
502462,2024-09-08,10341,2008,4,386.95,0.0,1547.8
504978,2024-09-08,10190,2021,3,1215.08,0.05,3462.98
504987,2024-09-08,10019,2048,3,842.22,0.05,2400.33
500836,2024-09-09,10088,2038,2,392.48,0.2,627.97
503106,2024-09-09,10278,2025,2,1010.25,0.0,2020.5
503859,2024-09-09,10012,2018,2,1912.96,0.15,3252.03
503871,2024-09-09,10238,2053,4,5717.05,0.05,21724.79
504344,2024-09-09,10059,2052,5,4381.84,0.0,21909.2
504710,2024-09-09,10353,2060,4,927.82,0.2,2969.02
500594,2024-09-10,10219,2004,4,3195.85,0.1,11505.06
502737,2024-09-10,10308,2059,2,457.8,0.1,824.04
503168,2024-09-10,10158,2054,2,2674.42,0.05,5081.4
504327,2024-09-10,10096,2039,5,592.66,0.05,2815.14
500226,2024-09-11,10278,2002,5,175.29,0.0,876.45
500278,2024-09-11,10372,2042,3,629.87,0.1,1700.65
501475,2024-09-11,10071,2057,1,1532.24,0.0,1532.24
502255,2024-09-11,10281,2044,5,1264.17,0.0,6320.85
503471,2024-09-11,10166,2018,4,1912.96,0.0,7651.84
504610,2024-09-11,10350,2041,4,3146.01,0.2,10067.23
500209,2024-09-12,10190,2022,5,764.51,0.1,3440.3
501441,2024-09-12,10462,2041,3,3146.01,0.0,9438.03
501499,2024-09-12,10163,2018,1,1912.96,0.0,1912.96
501554,2024-09-12,10276,2009,2,1022.26,0.0,2044.52
501855,2024-09-12,10343,2054,5,2674.42,0.0,13372.1
502277,2024-09-12,10413,2060,1,927.82,0.2,742.26
500043,2024-09-13,10373,2006,3,599.64,0.1,1619.03
500885,2024-09-13,10365,2036,2,861.27,0.1,1550.29
501957,2024-09-13,10490,2060,3,927.82,0.2,2226.77
504363,2024-09-13,10090,2035,4,506.04,0.0,2024.16
500984,2024-09-14,10310,2043,2,1014.67,0.15,1724.94
503049,2024-09-14,10280,2023,1,1843.08,0.1,1658.77
503300,2024-09-14,10369,2021,1,1215.08,0.15,1032.82
503423,2024-09-14,10442,2027,3,1508.58,0.0,4525.74
503436,2024-09-14,10103,2020,1,353.95,0.0,353.95
503540,2024-09-14,10438,2027,5,1508.58,0.1,6788.61
503571,2024-09-14,10464,2020,1,353.95,0.0,353.95
503889,2024-09-14,10032,2056,5,961.43,0.2,3845.72
504152,2024-09-14,10403,2037,2,633.21,0.05,1203.1
501254,2024-09-15,10038,2034,3,1653.02,0.0,4959.06
501556,2024-09-15,10040,2036,3,861.27,0.0,2583.81
502401,2024-09-15,10484,2036,3,861.27,0.1,2325.43
503528,2024-09-15,10085,2045,3,3130.69,0.0,9392.07
500604,2024-09-16,10034,2027,3,1508.58,0.0,4525.74
500609,2024-09-16,10360,2001,1,2873.46,0.0,2873.46
501068,2024-09-16,10442,2007,4,1690.84,0.15,5748.86
501341,2024-09-16,10077,2034,2,1653.02,0.0,3306.04
502264,2024-09-16,10040,2041,2,3146.01,0.05,5977.42
503337,2024-09-16,10038,2008,3,386.95,0.2,928.68
503440,2024-09-16,10211,2003,2,3232.31,0.0,6464.62
504191,2024-09-16,10278,2022,4,764.51,0.15,2599.33
504466,2024-09-16,10256,2032,4,937.76,0.0,3751.04
504553,2024-09-16,10148,2049,2,886.43,0.1,1595.57
500346,2024-09-17,10143,2023,4,1843.08,0.05,7003.7
502994,2024-09-17,10237,2012,2,1148.51,0.1,2067.32
503672,2024-09-17,10355,2059,2,457.8,0.05,869.82
500071,2024-09-18,10067,2054,2,2674.42,0.1,4813.96
501778,2024-09-18,10130,2034,3,1653.02,0.0,4959.06
502315,2024-09-18,10417,2025,5,1010.25,0.15,4293.56
503799,2024-09-18,10387,2044,4,1264.17,0.2,4045.34
504157,2024-09-18,10137,2026,4,293.54,0.2,939.33
500641,2024-09-19,10390,2039,4,592.66,0.1,2133.58
500794,2024-09-19,10397,2039,3,592.66,0.0,1777.98
501703,2024-09-19,10317,2039,4,592.66,0.0,2370.64
502111,2024-09-19,10202,2023,3,1843.08,0.2,4423.39
502853,2024-09-19,10232,2052,4,4381.84,0.0,17527.36
503449,2024-09-19,10242,2008,3,386.95,0.0,1160.85
504728,2024-09-19,10113,2060,5,927.82,0.05,4407.15
500396,2024-09-20,10436,2058,5,3587.6,0.0,17938.0
502415,2024-09-20,10135,2007,4,1690.84,0.0,6763.36
502943,2024-09-20,10089,2009,5,1022.26,0.05,4855.73
504160,2024-09-20,10022,2004,3,3195.85,0.2,7670.04
504519,2024-09-20,10298,2058,1,3587.6,0.0,3587.6
500935,2024-09-21,10097,2006,2,599.64,0.0,1199.28
500942,2024-09-21,10134,2015,4,535.35,0.1,1927.26
502882,2024-09-21,10439,2038,2,392.48,0.05,745.71
500853,2024-09-22,10172,2058,4,3587.6,0.2,11480.32
500880,2024-09-22,10020,2030,2,276.46,0.1,497.63
501608,2024-09-22,10121,2015,4,535.35,0.15,1820.19
502112,2024-09-22,10439,2045,4,3130.69,0.15,10644.35
502393,2024-09-22,10404,2048,1,842.22,0.15,715.89
503283,2024-09-22,10338,2048,4,842.22,0.1,3031.99
503402,2024-09-22,10081,2014,2,1960.94,0.15,3333.6
500166,2024-09-23,10162,2006,1,599.64,0.05,569.66
500634,2024-09-23,10429,2006,3,599.64,0.05,1708.97
502144,2024-09-23,10386,2032,3,937.76,0.05,2672.62
503070,2024-09-23,10431,2025,2,1010.25,0.1,1818.45
501227,2024-09-24,10227,2046,4,425.19,0.05,1615.72
502154,2024-09-24,10455,2025,3,1010.25,0.1,2727.68
502327,2024-09-24,10475,2042,2,629.87,0.1,1133.77
502348,2024-09-24,10275,2008,3,386.95,0.15,986.72
502655,2024-09-24,10330,2042,4,629.87,0.0,2519.48
502687,2024-09-24,10386,2029,5,1516.17,0.0,7580.85
502887,2024-09-24,10293,2016,4,2344.51,0.05,8909.14
503294,2024-09-24,10233,2037,4,633.21,0.0,2532.84
503404,2024-09-24,10047,2042,1,629.87,0.1,566.88
503786,2024-09-24,10408,2031,2,635.47,0.1,1143.85
504091,2024-09-24,10395,2047,3,2201.3,0.05,6273.7
500392,2024-09-25,10041,2025,2,1010.25,0.0,2020.5
500732,2024-09-25,10197,2016,5,2344.51,0.0,11722.55
501800,2024-09-25,10016,2005,5,1163.47,0.15,4944.75
501836,2024-09-25,10248,2011,2,899.65,0.0,1799.3
502182,2024-09-25,10315,2039,5,592.66,0.1,2666.97
503041,2024-09-25,10426,2060,5,927.82,0.0,4639.1
503157,2024-09-25,10263,2050,2,2382.06,0.05,4525.91
503193,2024-09-25,10329,2056,3,961.43,0.1,2595.86
504154,2024-09-25,10051,2009,4,1022.26,0.0,4089.04
500693,2024-09-26,10376,2027,1,1508.58,0.1,1357.72
501248,2024-09-26,10347,2022,2,764.51,0.0,1529.02
503842,2024-09-26,10477,2032,1,937.76,0.05,890.87
503973,2024-09-26,10116,2057,4,1532.24,0.0,6128.96
504101,2024-09-26,10085,2010,1,383.48,0.0,383.48
501163,2024-09-27,10414,2044,2,1264.17,0.0,2528.34
501630,2024-09-27,10238,2017,4,1145.42,0.0,4581.68
503161,2024-09-27,10219,2060,5,927.82,0.15,3943.24
503987,2024-09-27,10280,2038,1,392.48,0.0,392.48
504163,2024-09-27,10080,2015,1,535.35,0.15,455.05
501444,2024-09-28,10011,2045,3,3130.69,0.0,9392.07
503340,2024-09-28,10189,2013,4,379.72,0.0,1518.88
504351,2024-09-28,10150,2038,4,392.48,0.0,1569.92
500227,2024-09-29,10185,2050,5,2382.06,0.0,11910.3
502197,2024-09-29,10078,2046,3,425.19,0.0,1275.57
504012,2024-09-29,10041,2001,5,2873.46,0.05,13648.94
504137,2024-09-29,10307,2025,3,1010.25,0.2,2424.6
504487,2024-09-29,10055,2050,4,2382.06,0.0,9528.24
500884,2024-09-30,10260,2048,2,842.22,0.1,1516.0
504536,2024-09-30,10379,2041,4,3146.01,0.0,12584.04
504558,2024-09-30,10011,2041,4,3146.01,0.1,11325.64
504741,2024-09-30,10230,2043,2,1014.67,0.0,2029.34
504778,2024-09-30,10419,2018,4,1912.96,0.1,6886.66
501708,2024-10-01,10211,2029,1,1516.17,0.05,1440.36
502246,2024-10-01,10236,2003,5,3232.31,0.0,16161.55
502560,2024-10-01,10264,2043,4,1014.67,0.0,4058.68
503307,2024-10-01,10102,2027,3,1508.58,0.0,4525.74
504917,2024-10-01,10132,2053,1,5717.05,0.0,5717.05
501394,2024-10-02,10135,2044,1,1264.17,0.1,1137.75
503120,2024-10-02,10288,2034,3,1653.02,0.0,4959.06
504693,2024-10-02,10340,2048,1,842.22,0.0,842.22
502981,2024-10-03,10151,2039,3,592.66,0.1,1600.18
503391,2024-10-03,10441,2032,5,937.76,0.1,4219.92
504469,2024-10-03,10237,2038,2,392.48,0.05,745.71
504571,2024-10-03,10046,2014,3,1960.94,0.1,5294.54
504998,2024-10-03,10140,2023,4,1843.08,0.0,7372.32
501109,2024-10-04,10263,2043,3,1014.67,0.0,3044.01
501137,2024-10-04,10052,2059,4,457.8,0.0,1831.2
501697,2024-10-04,10424,2051,4,957.15,0.05,3637.17
501816,2024-10-04,10175,2055,2,4486.03,0.15,7626.25
501934,2024-10-04,10048,2056,2,961.43,0.0,1922.86
503700,2024-10-04,10189,2049,3,886.43,0.0,2659.29
504439,2024-10-04,10240,2058,5,3587.6,0.05,17041.1
504637,2024-10-04,10171,2004,1,3195.85,0.0,3195.85
500150,2024-10-05,10061,2028,5,463.82,0.2,1855.28
501273,2024-10-05,10019,2027,4,1508.58,0.15,5129.17
503816,2024-10-05,10227,2018,1,1912.96,0.15,1626.02
500229,2024-10-06,10486,2007,4,1690.84,0.05,6425.19
501868,2024-10-06,10307,2029,3,1516.17,0.0,4548.51
502601,2024-10-06,10191,2007,3,1690.84,0.0,5072.52
503023,2024-10-06,10195,2013,1,379.72,0.0,379.72
503260,2024-10-06,10083,2017,1,1145.42,0.1,1030.88
503275,2024-10-06,10384,2005,2,1163.47,0.15,1977.9
504406,2024-10-06,10462,2048,1,842.22,0.1,758.0
500357,2024-10-07,10217,2041,1,3146.01,0.15,2674.11
500431,2024-10-07,10469,2057,1,1532.24,0.2,1225.79
500771,2024-10-07,10180,2009,5,1022.26,0.2,4089.04
501737,2024-10-07,10269,2008,3,386.95,0.05,1102.81
503603,2024-10-07,10415,2006,1,599.64,0.2,479.71
500833,2024-10-08,10336,2013,4,379.72,0.0,1518.88
500900,2024-10-08,10206,2055,4,4486.03,0.0,17944.12
503360,2024-10-08,10229,2050,4,2382.06,0.05,9051.83
504172,2024-10-08,10115,2025,5,1010.25,0.2,4041.0
504820,2024-10-08,10147,2044,4,1264.17,0.1,4551.01
500676,2024-10-09,10479,2028,4,463.82,0.0,1855.28
501673,2024-10-09,10135,2039,3,592.66,0.05,1689.08
502762,2024-10-10,10309,2011,5,899.65,0.0,4498.25
503053,2024-10-10,10254,2060,1,927.82,0.2,742.26
503207,2024-10-10,10111,2011,5,899.65,0.2,3598.6
503442,2024-10-10,10192,2041,2,3146.01,0.1,5662.82
500169,2024-10-11,10044,2049,4,886.43,0.1,3191.15
500819,2024-10-11,10108,2041,2,3146.01,0.2,5033.62
501071,2024-10-11,10125,2006,2,599.64,0.2,959.42
501742,2024-10-12,10494,2005,5,1163.47,0.0,5817.35
503136,2024-10-12,10094,2013,4,379.72,0.1,1366.99
500584,2024-10-13,10094,2009,4,1022.26,0.15,3475.68
500475,2024-10-14,10195,2056,2,961.43,0.05,1826.72
500945,2024-10-14,10060,2020,4,353.95,0.1,1274.22
503001,2024-10-14,10328,2027,2,1508.58,0.0,3017.16
503075,2024-10-14,10263,2037,2,633.21,0.1,1139.78
503885,2024-10-14,10402,2033,5,501.81,0.0,2509.05
504715,2024-10-14,10357,2011,2,899.65,0.0,1799.3
504797,2024-10-14,10365,2054,2,2674.42,0.05,5081.4
504882,2024-10-14,10311,2004,5,3195.85,0.0,15979.25
500219,2024-10-15,10485,2038,2,392.48,0.0,784.96
500823,2024-10-15,10374,2045,4,3130.69,0.1,11270.48
502031,2024-10-15,10091,2023,2,1843.08,0.15,3133.24
503378,2024-10-15,10466,2050,3,2382.06,0.15,6074.25
504582,2024-10-15,10220,2024,3,329.59,0.0,988.77
501683,2024-10-16,10380,2033,3,501.81,0.0,1505.43
502380,2024-10-16,10261,2039,5,592.66,0.0,2963.3
502502,2024-10-16,10415,2046,5,425.19,0.0,2125.95
503380,2024-10-16,10019,2019,4,3291.33,0.05,12507.05
503630,2024-10-16,10282,2052,1,4381.84,0.0,4381.84
504162,2024-10-16,10040,2005,2,1163.47,0.0,2326.94
500991,2024-10-17,10080,2008,1,386.95,0.0,386.95
502188,2024-10-17,10422,2027,2,1508.58,0.0,3017.16
500197,2024-10-18,10400,2049,1,886.43,0.15,753.47
501578,2024-10-18,10237,2060,3,927.82,0.0,2783.46
502127,2024-10-18,10272,2022,4,764.51,0.0,3058.04
502675,2024-10-18,10011,2048,3,842.22,0.05,2400.33
503137,2024-10-18,10386,2033,1,501.81,0.1,451.63
503977,2024-10-18,10271,2022,5,764.51,0.0,3822.55
504896,2024-10-18,10337,2001,5,2873.46,0.15,12212.2
501684,2024-10-19,10055,2025,5,1010.25,0.1,4546.12
503600,2024-10-19,10438,2060,3,927.82,0.1,2505.11
503886,2024-10-19,10166,2039,4,592.66,0.0,2370.64
504016,2024-10-19,10433,2012,3,1148.51,0.1,3100.98
504072,2024-10-19,10374,2012,1,1148.51,0.0,1148.51
501324,2024-10-20,10285,2008,5,386.95,0.0,1934.75
501760,2024-10-20,10026,2043,3,1014.67,0.05,2891.81
502027,2024-10-20,10131,2048,1,842.22,0.2,673.78
502646,2024-10-20,10476,2047,1,2201.3,0.0,2201.3
503028,2024-10-20,10494,2041,2,3146.01,0.0,6292.02
504046,2024-10-20,10459,2004,2,3195.85,0.0,6391.7
504708,2024-10-20,10083,2002,5,175.29,0.15,744.98
500286,2024-10-21,10003,2033,5,501.81,0.0,2509.05
500742,2024-10-21,10066,2057,5,1532.24,0.0,7661.2
500879,2024-10-21,10442,2032,1,937.76,0.05,890.87
502638,2024-10-21,10410,2022,4,764.51,0.0,3058.04
503261,2024-10-21,10011,2023,4,1843.08,0.05,7003.7
503636,2024-10-21,10106,2019,3,3291.33,0.0,9873.99
504716,2024-10-21,10297,2018,5,1912.96,0.15,8130.08
500716,2024-10-22,10374,2051,3,957.15,0.1,2584.3
502003,2024-10-22,10249,2057,5,1532.24,0.15,6512.02
502664,2024-10-22,10210,2032,3,937.76,0.0,2813.28
503435,2024-10-22,10202,2018,1,1912.96,0.1,1721.66
503880,2024-10-22,10137,2005,4,1163.47,0.0,4653.88
500044,2024-10-23,10276,2015,3,535.35,0.1,1445.45
503069,2024-10-23,10015,2020,2,353.95,0.0,707.9
503162,2024-10-23,10327,2040,2,2622.65,0.15,4458.5
503643,2024-10-23,10321,2039,1,592.66,0.0,592.66
504832,2024-10-23,10499,2023,4,1843.08,0.0,7372.32
501812,2024-10-24,10132,2047,4,2201.3,0.05,8364.94
502455,2024-10-24,10374,2031,4,635.47,0.1,2287.69
502879,2024-10-24,10457,2025,5,1010.25,0.1,4546.12
503827,2024-10-24,10196,2035,5,506.04,0.1,2277.18
500256,2024-10-25,10335,2038,5,392.48,0.2,1569.92
503356,2024-10-25,10216,2026,2,293.54,0.15,499.02
503431,2024-10-25,10367,2038,4,392.48,0.05,1491.42
504058,2024-10-25,10055,2004,4,3195.85,0.2,10226.72
504846,2024-10-25,10251,2051,2,957.15,0.0,1914.3
502366,2024-10-26,10239,2017,5,1145.42,0.1,5154.39
503792,2024-10-26,10454,2008,3,386.95,0.0,1160.85
501991,2024-10-27,10305,2041,1,3146.01,0.0,3146.01
502065,2024-10-27,10158,2016,5,2344.51,0.1,10550.3
503613,2024-10-27,10249,2047,5,2201.3,0.0,11006.5
504809,2024-10-27,10200,2057,3,1532.24,0.05,4366.88
504919,2024-10-27,10253,2010,1,383.48,0.0,383.48
500720,2024-10-28,10225,2050,4,2382.06,0.1,8575.42
501021,2024-10-28,10417,2015,3,535.35,0.0,1606.05
502363,2024-10-28,10473,2008,4,386.95,0.1,1393.02
503297,2024-10-28,10416,2047,3,2201.3,0.0,6603.9
504685,2024-10-28,10421,2044,4,1264.17,0.0,5056.68
504753,2024-10-28,10470,2057,2,1532.24,0.0,3064.48
500103,2024-10-29,10238,2013,5,379.72,0.2,1518.88
500585,2024-10-29,10412,2060,4,927.82,0.0,3711.28
500645,2024-10-29,10353,2057,2,1532.24,0.05,2911.26
501618,2024-10-29,10494,2018,1,1912.96,0.05,1817.31
501817,2024-10-29,10152,2005,1,1163.47,0.0,1163.47
502938,2024-10-29,10333,2054,2,2674.42,0.0,5348.84
503287,2024-10-29,10440,2022,3,764.51,0.1,2064.18
503693,2024-10-29,10195,2056,4,961.43,0.0,3845.72
500168,2024-10-30,10475,2015,4,535.35,0.05,2034.33
500339,2024-10-30,10065,2005,4,1163.47,0.1,4188.49
500599,2024-10-30,10257,2059,3,457.8,0.0,1373.4
500607,2024-10-30,10121,2013,4,379.72,0.15,1291.05
500821,2024-10-30,10112,2029,4,1516.17,0.1,5458.21
501335,2024-10-30,10198,2028,1,463.82,0.2,371.06
501454,2024-10-30,10222,2056,4,961.43,0.15,3268.86
502654,2024-10-30,10471,2047,5,2201.3,0.0,11006.5
503094,2024-10-30,10393,2009,1,1022.26,0.1,920.03
503522,2024-10-30,10494,2008,1,386.95,0.1,348.26
504334,2024-10-30,10398,2057,4,1532.24,0.0,6128.96
504814,2024-10-30,10196,2030,1,276.46,0.0,276.46
504869,2024-10-30,10459,2034,4,1653.02,0.0,6612.08
500239,2024-10-31,10485,2001,3,2873.46,0.15,7327.32
500499,2024-10-31,10363,2006,5,599.64,0.1,2698.38
501036,2024-10-31,10398,2054,1,2674.42,0.05,2540.7
501294,2024-10-31,10258,2004,1,3195.85,0.0,3195.85
501682,2024-10-31,10326,2006,5,599.64,0.05,2848.29
503058,2024-10-31,10086,2005,2,1163.47,0.1,2094.25
504510,2024-10-31,10038,2017,4,1145.42,0.1,4123.51
503092,2024-11-01,10371,2027,2,1508.58,0.05,2866.3
503292,2024-11-01,10370,2009,2,1022.26,0.0,2044.52
500020,2024-11-02,10327,2023,4,1843.08,0.0,7372.32
500199,2024-11-02,10016,2007,3,1690.84,0.0,5072.52
501131,2024-11-02,10054,2026,2,293.54,0.0,587.08
500185,2024-11-03,10403,2025,4,1010.25,0.0,4041.0
500242,2024-11-03,10108,2001,2,2873.46,0.1,5172.23
500356,2024-11-03,10232,2027,5,1508.58,0.0,7542.9
501805,2024-11-03,10358,2057,2,1532.24,0.0,3064.48
501918,2024-11-03,10383,2011,4,899.65,0.05,3418.67
501987,2024-11-03,10025,2052,1,4381.84,0.0,4381.84
500663,2024-11-04,10194,2060,1,927.82,0.15,788.65
501084,2024-11-04,10111,2001,2,2873.46,0.0,5746.92
501559,2024-11-04,10031,2043,2,1014.67,0.0,2029.34
502810,2024-11-04,10002,2056,3,961.43,0.1,2595.86
503182,2024-11-04,10081,2058,1,3587.6,0.2,2870.08
503269,2024-11-04,10223,2042,5,629.87,0.05,2991.88
501008,2024-11-05,10144,2030,5,276.46,0.15,1174.96
502180,2024-11-05,10435,2043,2,1014.67,0.05,1927.87
502954,2024-11-05,10198,2020,4,353.95,0.0,1415.8
503594,2024-11-05,10327,2013,5,379.72,0.0,1898.6
503948,2024-11-05,10062,2022,5,764.51,0.0,3822.55
504284,2024-11-05,10218,2051,3,957.15,0.1,2584.3
504444,2024-11-05,10418,2002,1,175.29,0.2,140.23
502403,2024-11-06,10049,2056,4,961.43,0.0,3845.72
502822,2024-11-06,10384,2025,2,1010.25,0.05,1919.48
504411,2024-11-06,10282,2023,2,1843.08,0.0,3686.16
504788,2024-11-06,10223,2011,3,899.65,0.1,2429.05
500852,2024-11-07,10139,2006,1,599.64,0.1,539.68
501072,2024-11-07,10386,2012,5,1148.51,0.15,4881.17
502556,2024-11-07,10051,2015,5,535.35,0.05,2542.91
504481,2024-11-07,10142,2032,2,937.76,0.0,1875.52
502699,2024-11-08,10128,2031,5,635.47,0.05,3018.48
502723,2024-11-08,10001,2014,4,1960.94,0.0,7843.76
504043,2024-11-08,10155,2003,1,3232.31,0.0,3232.31
504094,2024-11-08,10339,2040,4,2622.65,0.0,10490.6
500016,2024-11-09,10496,2058,2,3587.6,0.05,6816.44
500889,2024-11-09,10071,2026,4,293.54,0.0,1174.16
501713,2024-11-09,10417,2002,1,175.29,0.05,166.53
501784,2024-11-09,10225,2053,2,5717.05,0.1,10290.69
501804,2024-11-09,10101,2048,5,842.22,0.1,3789.99
502548,2024-11-09,10396,2059,4,457.8,0.1,1648.08
502881,2024-11-09,10176,2042,3,629.87,0.15,1606.17
504473,2024-11-09,10218,2039,4,592.66,0.0,2370.64
500017,2024-11-10,10427,2037,4,633.21,0.0,2532.84
500400,2024-11-10,10215,2026,3,293.54,0.0,880.62
500496,2024-11-10,10039,2050,2,2382.06,0.2,3811.3
501070,2024-11-10,10151,2035,4,506.04,0.0,2024.16
501803,2024-11-10,10282,2040,2,2622.65,0.1,4720.77
501887,2024-11-10,10137,2056,3,961.43,0.0,2884.29
500010,2024-11-11,10088,2012,1,1148.51,0.15,976.23
500561,2024-11-11,10163,2021,5,1215.08,0.0,6075.4
501096,2024-11-11,10433,2011,2,899.65,0.0,1799.3
502806,2024-11-11,10039,2026,1,293.54,0.05,278.86
503279,2024-11-11,10055,2046,4,425.19,0.1,1530.68
503900,2024-11-11,10472,2019,3,3291.33,0.05,9380.29
503937,2024-11-11,10074,2060,1,927.82,0.05,881.43
504266,2024-11-11,10274,2041,1,3146.01,0.05,2988.71
501295,2024-11-12,10335,2002,4,175.29,0.1,631.04
501582,2024-11-12,10157,2055,4,4486.03,0.2,14355.3
501813,2024-11-12,10254,2005,1,1163.47,0.2,930.78
503026,2024-11-12,10438,2008,3,386.95,0.05,1102.81
503660,2024-11-12,10376,2036,3,861.27,0.1,2325.43
504839,2024-11-12,10120,2023,1,1843.08,0.0,1843.08
500516,2024-11-13,10258,2039,2,592.66,0.0,1185.32
501014,2024-11-13,10252,2007,5,1690.84,0.0,8454.2
501864,2024-11-13,10267,2019,3,3291.33,0.1,8886.59
502605,2024-11-13,10473,2040,1,2622.65,0.15,2229.25
503286,2024-11-13,10028,2052,2,4381.84,0.0,8763.68
503388,2024-11-13,10125,2036,1,861.27,0.2,689.02
503541,2024-11-13,10466,2004,5,3195.85,0.1,14381.32
501130,2024-11-14,10356,2044,1,1264.17,0.1,1137.75
501679,2024-11-14,10154,2059,1,457.8,0.1,412.02
502316,2024-11-14,10185,2001,3,2873.46,0.15,7327.32
502761,2024-11-14,10408,2034,5,1653.02,0.0,8265.1
503024,2024-11-14,10191,2041,3,3146.01,0.05,8966.13
503459,2024-11-14,10197,2031,1,635.47,0.15,540.15
504275,2024-11-14,10435,2026,1,293.54,0.15,249.51
503091,2024-11-15,10128,2048,5,842.22,0.0,4211.1
503601,2024-11-15,10088,2046,4,425.19,0.0,1700.76
504332,2024-11-15,10336,2054,3,2674.42,0.05,7622.1
500689,2024-11-16,10085,2044,1,1264.17,0.1,1137.75
502659,2024-11-16,10391,2049,1,886.43,0.05,842.11
503392,2024-11-16,10109,2041,1,3146.01,0.0,3146.01
503478,2024-11-16,10018,2009,5,1022.26,0.1,4600.17
503881,2024-11-16,10326,2038,2,392.48,0.0,784.96
504743,2024-11-16,10324,2010,2,383.48,0.2,613.57
500032,2024-11-17,10097,2026,3,293.54,0.0,880.62
500033,2024-11-17,10309,2018,3,1912.96,0.1,5164.99
500478,2024-11-17,10450,2040,5,2622.65,0.0,13113.25
500623,2024-11-17,10401,2033,4,501.81,0.0,2007.24
502979,2024-11-17,10195,2053,4,5717.05,0.0,22868.2
503689,2024-11-17,10088,2004,3,3195.85,0.05,9108.17
504607,2024-11-17,10452,2037,4,633.21,0.15,2152.91
504736,2024-11-17,10499,2006,3,599.64,0.0,1798.92
504777,2024-11-17,10283,2002,5,175.29,0.0,876.45
500812,2024-11-18,10470,2056,2,961.43,0.2,1538.29
500894,2024-11-18,10186,2032,4,937.76,0.1,3375.94
501873,2024-11-18,10303,2035,3,506.04,0.15,1290.4
501956,2024-11-18,10138,2007,5,1690.84,0.0,8454.2
502439,2024-11-18,10196,2043,1,1014.67,0.05,963.94
504216,2024-11-18,10211,2049,5,886.43,0.05,4210.54
504957,2024-11-18,10338,2017,1,1145.42,0.0,1145.42
500442,2024-11-19,10223,2009,1,1022.26,0.2,817.81
501418,2024-11-19,10426,2044,4,1264.17,0.2,4045.34
502054,2024-11-19,10360,2006,3,599.64,0.2,1439.14
502080,2024-11-19,10158,2009,1,1022.26,0.15,868.92
502251,2024-11-19,10047,2059,5,457.8,0.0,2289.0
503542,2024-11-19,10077,2001,4,2873.46,0.05,10919.15
503980,2024-11-19,10303,2050,2,2382.06,0.0,4764.12
504089,2024-11-19,10095,2060,2,927.82,0.05,1762.86
504597,2024-11-19,10087,2051,1,957.15,0.05,909.29
500311,2024-11-20,10396,2005,5,1163.47,0.15,4944.75
502149,2024-11-20,10133,2049,4,886.43,0.05,3368.43
502326,2024-11-20,10364,2017,5,1145.42,0.0,5727.1
502569,2024-11-20,10092,2013,3,379.72,0.0,1139.16
502937,2024-11-20,10003,2036,5,861.27,0.0,4306.35
503951,2024-11-20,10242,2058,2,3587.6,0.0,7175.2
504813,2024-11-20,10497,2032,3,937.76,0.15,2391.29
501245,2024-11-21,10463,2012,2,1148.51,0.0,2297.02
504215,2024-11-21,10069,2059,2,457.8,0.1,824.04
500178,2024-11-22,10250,2040,1,2622.65,0.2,2098.12
501177,2024-11-22,10016,2034,3,1653.02,0.1,4463.15
501275,2024-11-22,10481,2049,3,886.43,0.1,2393.36
501288,2024-11-22,10301,2004,1,3195.85,0.1,2876.26
501532,2024-11-22,10463,2028,4,463.82,0.0,1855.28
501661,2024-11-23,10067,2046,3,425.19,0.1,1148.01
504213,2024-11-23,10016,2049,1,886.43,0.0,886.43
504304,2024-11-23,10138,2018,4,1912.96,0.05,7269.25
504491,2024-11-23,10177,2029,2,1516.17,0.2,2425.87
504906,2024-11-23,10300,2044,1,1264.17,0.2,1011.34
500897,2024-11-24,10087,2034,2,1653.02,0.0,3306.04
501502,2024-11-24,10323,2019,2,3291.33,0.05,6253.53
502736,2024-11-24,10087,2050,1,2382.06,0.1,2143.85
500806,2024-11-25,10201,2044,4,1264.17,0.0,5056.68
500901,2024-11-25,10218,2039,4,592.66,0.1,2133.58
501218,2024-11-25,10429,2060,4,927.82,0.1,3340.15
504259,2024-11-25,10161,2021,1,1215.08,0.1,1093.57
501025,2024-11-26,10400,2060,1,927.82,0.0,927.82
501863,2024-11-26,10413,2026,3,293.54,0.0,880.62
503965,2024-11-26,10472,2018,1,1912.96,0.0,1912.96
500294,2024-11-27,10187,2017,5,1145.42,0.0,5727.1
501318,2024-11-27,10385,2031,5,635.47,0.0,3177.35
501330,2024-11-27,10084,2044,4,1264.17,0.0,5056.68
504426,2024-11-27,10488,2032,3,937.76,0.1,2531.95
504636,2024-11-27,10380,2049,5,886.43,0.0,4432.15
500524,2024-11-28,10025,2012,5,1148.51,0.0,5742.55
501384,2024-11-28,10220,2008,3,386.95,0.0,1160.85
501611,2024-11-28,10239,2037,5,633.21,0.0,3166.05
501866,2024-11-28,10089,2041,4,3146.01,0.15,10696.43
501935,2024-11-28,10464,2012,2,1148.51,0.05,2182.17
501941,2024-11-28,10139,2013,2,379.72,0.05,721.47
503905,2024-11-28,10270,2059,1,457.8,0.1,412.02
502241,2024-11-29,10495,2035,2,506.04,0.05,961.48
502616,2024-11-29,10402,2012,1,1148.51,0.15,976.23
502811,2024-11-29,10301,2005,5,1163.47,0.0,5817.35
503532,2024-11-29,10210,2017,2,1145.42,0.0,2290.84
504625,2024-11-29,10479,2041,5,3146.01,0.1,14157.05
500436,2024-11-30,10458,2025,1,1010.25,0.15,858.71
502056,2024-11-30,10222,2026,1,293.54,0.05,278.86
500817,2024-12-01,10308,2010,5,383.48,0.0,1917.4
500887,2024-12-01,10384,2025,1,1010.25,0.0,1010.25
503556,2024-12-01,10006,2039,2,592.66,0.15,1007.52
503926,2024-12-01,10499,2048,2,842.22,0.1,1516.0
504037,2024-12-01,10283,2041,3,3146.01,0.05,8966.13
504114,2024-12-01,10478,2037,5,633.21,0.0,3166.05
504563,2024-12-01,10236,2005,3,1163.47,0.2,2792.33
500036,2024-12-02,10329,2003,1,3232.31,0.0,3232.31
501359,2024-12-02,10342,2038,2,392.48,0.05,745.71
502537,2024-12-02,10426,2049,3,886.43,0.15,2260.4
502628,2024-12-02,10462,2022,1,764.51,0.15,649.83
502680,2024-12-02,10108,2027,1,1508.58,0.0,1508.58
504422,2024-12-02,10070,2058,4,3587.6,0.0,14350.4
500007,2024-12-03,10169,2044,4,1264.17,0.1,4551.01
500731,2024-12-03,10172,2032,1,937.76,0.0,937.76
500921,2024-12-03,10044,2039,4,592.66,0.05,2252.11
502259,2024-12-03,10317,2025,1,1010.25,0.0,1010.25
502450,2024-12-03,10403,2043,3,1014.67,0.1,2739.61
502642,2024-12-03,10017,2014,3,1960.94,0.0,5882.82
503415,2024-12-03,10247,2012,2,1148.51,0.05,2182.17
504570,2024-12-03,10376,2042,4,629.87,0.0,2519.48
504770,2024-12-03,10487,2020,3,353.95,0.0,1061.85
504796,2024-12-03,10129,2022,2,764.51,0.05,1452.57
500417,2024-12-04,10262,2050,5,2382.06,0.05,11314.78
501462,2024-12-04,10006,2023,4,1843.08,0.15,6266.47
502118,2024-12-04,10185,2008,3,386.95,0.0,1160.85
503429,2024-12-04,10273,2008,5,386.95,0.0,1934.75
503836,2024-12-04,10196,2025,3,1010.25,0.1,2727.68
504342,2024-12-04,10017,2060,5,927.82,0.05,4407.15
500389,2024-12-05,10208,2035,5,506.04,0.1,2277.18
500703,2024-12-05,10192,2011,3,899.65,0.05,2564.0
501121,2024-12-05,10400,2039,2,592.66,0.0,1185.32
501447,2024-12-05,10052,2036,5,861.27,0.0,4306.35
501958,2024-12-05,10208,2035,1,506.04,0.15,430.13
503209,2024-12-05,10158,2057,2,1532.24,0.1,2758.03
503514,2024-12-05,10161,2050,2,2382.06,0.0,4764.12
504139,2024-12-05,10151,2003,1,3232.31,0.0,3232.31
500180,2024-12-06,10247,2038,1,392.48,0.0,392.48
500337,2024-12-06,10064,2031,3,635.47,0.1,1715.77
502969,2024-12-06,10092,2037,3,633.21,0.0,1899.63
503175,2024-12-06,10045,2054,1,2674.42,0.0,2674.42
500309,2024-12-07,10039,2018,5,1912.96,0.0,9564.8
500408,2024-12-07,10497,2028,4,463.82,0.15,1576.99
500639,2024-12-07,10218,2008,2,386.95,0.1,696.51
502576,2024-12-07,10297,2020,1,353.95,0.0,353.95
503618,2024-12-07,10081,2025,4,1010.25,0.0,4041.0
503638,2024-12-07,10490,2002,2,175.29,0.05,333.05
504662,2024-12-07,10480,2046,2,425.19,0.0,850.38
500245,2024-12-08,10380,2005,5,1163.47,0.05,5526.48
503398,2024-12-08,10265,2013,5,379.72,0.2,1518.88
503697,2024-12-08,10003,2008,2,386.95,0.0,773.9
500065,2024-12-09,10175,2058,2,3587.6,0.05,6816.44
500755,2024-12-09,10183,2019,4,3291.33,0.1,11848.79
502956,2024-12-09,10283,2036,4,861.27,0.05,3272.83
503127,2024-12-09,10107,2055,4,4486.03,0.05,17046.91
504393,2024-12-09,10306,2033,2,501.81,0.05,953.44
504805,2024-12-09,10314,2008,2,386.95,0.0,773.9
500373,2024-12-10,10466,2017,4,1145.42,0.15,3894.43
500796,2024-12-10,10424,2035,4,506.04,0.2,1619.33
502101,2024-12-10,10052,2010,5,383.48,0.05,1821.53
502280,2024-12-10,10460,2034,2,1653.02,0.2,2644.83
503736,2024-12-10,10322,2038,5,392.48,0.2,1569.92
503779,2024-12-10,10033,2035,2,506.04,0.1,910.87
504140,2024-12-10,10237,2059,1,457.8,0.05,434.91
504851,2024-12-10,10387,2053,4,5717.05,0.1,20581.38
501411,2024-12-12,10213,2031,4,635.47,0.1,2287.69
502424,2024-12-12,10379,2017,1,1145.42,0.05,1088.15
503558,2024-12-12,10124,2012,1,1148.51,0.0,1148.51
503617,2024-12-12,10466,2038,5,392.48,0.2,1569.92
504381,2024-12-12,10002,2037,2,633.21,0.0,1266.42
501215,2024-12-13,10477,2060,4,927.82,0.05,3525.72
502134,2024-12-13,10131,2027,5,1508.58,0.1,6788.61
503458,2024-12-13,10462,2014,3,1960.94,0.1,5294.54
504679,2024-12-13,10405,2043,1,1014.67,0.0,1014.67
500382,2024-12-14,10049,2023,5,1843.08,0.15,7833.09
501714,2024-12-14,10472,2040,1,2622.65,0.05,2491.52
501845,2024-12-14,10149,2039,5,592.66,0.15,2518.8
501874,2024-12-14,10133,2009,2,1022.26,0.0,2044.52
501937,2024-12-14,10223,2046,2,425.19,0.0,850.38
500117,2024-12-15,10261,2058,1,3587.6,0.05,3408.22
500551,2024-12-15,10057,2003,5,3232.31,0.0,16161.55
500557,2024-12-15,10311,2041,5,3146.01,0.0,15730.05
501100,2024-12-15,10199,2016,3,2344.51,0.15,5978.5
504407,2024-12-15,10333,2043,5,1014.67,0.0,5073.35
500267,2024-12-16,10490,2014,5,1960.94,0.0,9804.7
500348,2024-12-16,10152,2024,3,329.59,0.15,840.45
501963,2024-12-16,10232,2050,2,2382.06,0.1,4287.71
502195,2024-12-16,10355,2029,2,1516.17,0.2,2425.87
502701,2024-12-16,10270,2007,4,1690.84,0.1,6087.02
502930,2024-12-16,10146,2020,4,353.95,0.0,1415.8
503009,2024-12-16,10333,2021,4,1215.08,0.05,4617.3
500297,2024-12-17,10030,2049,2,886.43,0.0,1772.86
500628,2024-12-17,10391,2020,1,353.95,0.15,300.86
501081,2024-12-17,10474,2029,5,1516.17,0.15,6443.72
502594,2024-12-17,10072,2028,3,463.82,0.0,1391.46
502755,2024-12-17,10120,2043,3,1014.67,0.05,2891.81
504923,2024-12-17,10357,2046,3,425.19,0.05,1211.79
502467,2024-12-18,10099,2055,1,4486.03,0.0,4486.03
503099,2024-12-18,10259,2006,2,599.64,0.0,1199.28
503778,2024-12-18,10366,2012,1,1148.51,0.0,1148.51
501236,2024-12-19,10145,2036,1,861.27,0.0,861.27
502146,2024-12-19,10190,2022,5,764.51,0.1,3440.3
502167,2024-12-19,10010,2050,2,2382.06,0.1,4287.71
502291,2024-12-19,10199,2018,3,1912.96,0.05,5451.94
503266,2024-12-19,10347,2021,4,1215.08,0.1,4374.29
503467,2024-12-19,10077,2036,3,861.27,0.0,2583.81
503763,2024-12-19,10402,2016,1,2344.51,0.05,2227.28
500460,2024-12-20,10354,2050,2,2382.06,0.0,4764.12
500773,2024-12-20,10381,2040,4,2622.65,0.1,9441.54
500934,2024-12-20,10145,2002,1,175.29,0.0,175.29
503174,2024-12-20,10223,2020,4,353.95,0.15,1203.43
504593,2024-12-20,10404,2041,3,3146.01,0.15,8022.33
504644,2024-12-20,10286,2008,4,386.95,0.2,1238.24
504924,2024-12-20,10016,2010,5,383.48,0.0,1917.4
500467,2024-12-21,10181,2018,3,1912.96,0.0,5738.88
500972,2024-12-21,10426,2015,4,535.35,0.1,1927.26
501117,2024-12-21,10274,2028,2,463.82,0.0,927.64
501560,2024-12-21,10307,2050,5,2382.06,0.0,11910.3
502802,2024-12-21,10014,2011,2,899.65,0.1,1619.37
502968,2024-12-21,10123,2025,5,1010.25,0.0,5051.25
504848,2024-12-21,10111,2051,5,957.15,0.0,4785.75
500678,2024-12-22,10078,2006,2,599.64,0.1,1079.35
501871,2024-12-22,10037,2034,3,1653.02,0.15,4215.2
502864,2024-12-22,10410,2037,4,633.21,0.15,2152.91
504290,2024-12-22,10303,2022,5,764.51,0.0,3822.55
502552,2024-12-23,10269,2015,3,535.35,0.2,1284.84
503722,2024-12-23,10190,2058,1,3587.6,0.1,3228.84
504133,2024-12-23,10149,2001,3,2873.46,0.0,8620.38
500053,2024-12-24,10466,2040,2,2622.65,0.0,5245.3
500192,2024-12-24,10161,2030,4,276.46,0.15,939.96
503117,2024-12-24,10129,2043,2,1014.67,0.05,1927.87
504001,2024-12-24,10313,2051,5,957.15,0.2,3828.6
504768,2024-12-24,10093,2025,2,1010.25,0.0,2020.5
500259,2024-12-25,10329,2016,1,2344.51,0.05,2227.28
500692,2024-12-25,10088,2057,5,1532.24,0.0,7661.2
501249,2024-12-25,10309,2044,1,1264.17,0.1,1137.75
503044,2024-12-25,10267,2011,3,899.65,0.0,2698.95
500116,2024-12-26,10212,2044,4,1264.17,0.05,4803.85
500316,2024-12-26,10298,2003,2,3232.31,0.2,5171.7
501260,2024-12-26,10044,2038,4,392.48,0.1,1412.93
501518,2024-12-26,10123,2018,1,1912.96,0.1,1721.66
501793,2024-12-26,10456,2019,5,3291.33,0.1,14810.99
500719,2024-12-27,10104,2003,5,3232.31,0.1,14545.4
501220,2024-12-27,10039,2037,5,633.21,0.15,2691.14
503061,2024-12-27,10401,2054,1,2674.42,0.05,2540.7
503539,2024-12-27,10325,2040,3,2622.65,0.2,6294.36
500567,2024-12-28,10309,2060,4,927.82,0.05,3525.72
502448,2024-12-28,10447,2053,3,5717.05,0.0,17151.15
504362,2024-12-28,10160,2037,1,633.21,0.05,601.55
504973,2024-12-28,10170,2039,3,592.66,0.0,1777.98
500115,2024-12-29,10053,2029,5,1516.17,0.05,7201.81
500171,2024-12-29,10458,2026,2,293.54,0.0,587.08
503621,2024-12-29,10303,2031,1,635.47,0.0,635.47
503668,2024-12-29,10350,2020,2,353.95,0.0,707.9
504475,2024-12-29,10033,2053,5,5717.05,0.15,24297.46
500331,2024-12-30,10365,2054,5,2674.42,0.05,12703.5
500808,2024-12-30,10135,2019,1,3291.33,0.05,3126.76
502011,2024-12-30,10280,2020,1,353.95,0.15,300.86
502297,2024-12-30,10067,2051,1,957.15,0.05,909.29
503841,2024-12-30,10470,2059,4,457.8,0.0,1831.2
504458,2024-12-30,10253,2018,5,1912.96,0.0,9564.8
500176,2024-12-31,10490,2021,5,1215.08,0.0,6075.4
500612,2024-12-31,10026,2005,5,1163.47,0.15,4944.75
500756,2024-12-31,10249,2058,1,3587.6,0.05,3408.22
501367,2024-12-31,10055,2054,1,2674.42,0.1,2406.98
502135,2024-12-31,10154,2035,1,506.04,0.0,506.04
500674,2025-01-01,10056,2016,4,2344.51,0.1,8440.24
502162,2025-01-01,10350,2031,5,635.47,0.1,2859.62
502287,2025-01-01,10373,2023,5,1843.08,0.05,8754.63
503744,2025-01-01,10049,2004,4,3195.85,0.0,12783.4
504946,2025-01-01,10155,2022,5,764.51,0.05,3631.42
500743,2025-01-02,10008,2011,2,899.65,0.05,1709.33
501458,2025-01-02,10402,2053,5,5717.05,0.1,25726.72
504703,2025-01-02,10490,2003,3,3232.31,0.0,9696.93
500375,2025-01-03,10224,2001,2,2873.46,0.15,4884.88
500688,2025-01-03,10381,2055,2,4486.03,0.15,7626.25
502286,2025-01-03,10202,2040,2,2622.65,0.0,5245.3
502674,2025-01-03,10073,2031,5,635.47,0.0,3177.35
504297,2025-01-03,10444,2021,4,1215.08,0.1,4374.29
500461,2025-01-04,10271,2010,3,383.48,0.05,1092.92
500630,2025-01-04,10215,2015,5,535.35,0.1,2409.08
500832,2025-01-04,10341,2020,2,353.95,0.05,672.5
501675,2025-01-04,10213,2052,3,4381.84,0.05,12488.24
504223,2025-01-04,10311,2007,5,1690.84,0.1,7608.78
504498,2025-01-04,10463,2053,5,5717.05,0.0,28585.25
500768,2025-01-05,10455,2036,5,861.27,0.05,4091.03
500825,2025-01-05,10315,2035,3,506.04,0.05,1442.21
502986,2025-01-05,10200,2051,5,957.15,0.1,4307.18
503512,2025-01-05,10236,2006,2,599.64,0.0,1199.28
502486,2025-01-06,10383,2017,2,1145.42,0.05,2176.3
500109,2025-01-07,10014,2055,3,4486.03,0.0,13458.09
500799,2025-01-07,10334,2056,1,961.43,0.0,961.43
500858,2025-01-07,10215,2055,1,4486.03,0.0,4486.03
502807,2025-01-07,10362,2022,5,764.51,0.2,3058.04
500761,2025-01-08,10312,2030,1,276.46,0.05,262.64
500068,2025-01-09,10193,2046,3,425.19,0.15,1084.23
501328,2025-01-09,10471,2015,2,535.35,0.2,856.56
502427,2025-01-09,10281,2032,2,937.76,0.1,1687.97
502693,2025-01-09,10482,2048,3,842.22,0.0,2526.66
503241,2025-01-09,10169,2045,5,3130.69,0.1,14088.11
503444,2025-01-09,10466,2013,4,379.72,0.2,1215.1
504053,2025-01-09,10043,2049,4,886.43,0.0,3545.72
504166,2025-01-09,10036,2045,5,3130.69,0.05,14870.78
504170,2025-01-09,10170,2029,4,1516.17,0.05,5761.45
500333,2025-01-10,10456,2023,5,1843.08,0.15,7833.09
501287,2025-01-10,10322,2041,3,3146.01,0.0,9438.03
503920,2025-01-10,10189,2034,2,1653.02,0.0,3306.04
500434,2025-01-11,10268,2019,4,3291.33,0.05,12507.05
501332,2025-01-11,10314,2057,1,1532.24,0.05,1455.63
502321,2025-01-11,10163,2001,1,2873.46,0.1,2586.11
500556,2025-01-12,10219,2057,4,1532.24,0.0,6128.96
501105,2025-01-12,10180,2029,4,1516.17,0.05,5761.45
501225,2025-01-12,10377,2012,1,1148.51,0.05,1091.08
503727,2025-01-12,10223,2027,5,1508.58,0.05,7165.75
502431,2025-01-13,10099,2013,5,379.72,0.0,1898.6
502844,2025-01-13,10334,2018,5,1912.96,0.0,9564.8
502919,2025-01-13,10189,2021,3,1215.08,0.1,3280.72
504230,2025-01-13,10244,2047,4,2201.3,0.0,8805.2
500236,2025-01-14,10084,2047,4,2201.3,0.0,8805.2
500438,2025-01-14,10284,2009,3,1022.26,0.05,2913.44
500702,2025-01-14,10155,2031,2,635.47,0.0,1270.94
502718,2025-01-14,10007,2054,1,2674.42,0.1,2406.98
504219,2025-01-14,10067,2060,4,927.82,0.1,3340.15
504898,2025-01-14,10322,2033,3,501.81,0.2,1204.34
500659,2025-01-15,10299,2015,5,535.35,0.05,2542.91
504627,2025-01-15,10265,2028,1,463.82,0.2,371.06
500018,2025-01-16,10069,2037,4,633.21,0.0,2532.84
500105,2025-01-16,10232,2027,5,1508.58,0.1,6788.61
502901,2025-01-16,10497,2011,3,899.65,0.05,2564.0
503055,2025-01-16,10156,2021,4,1215.08,0.15,4131.27
503492,2025-01-16,10295,2039,1,592.66,0.15,503.76
504141,2025-01-16,10061,2014,3,1960.94,0.0,5882.82
504834,2025-01-16,10435,2004,4,3195.85,0.05,12144.23
500155,2025-01-17,10052,2017,5,1145.42,0.0,5727.1
500765,2025-01-17,10221,2046,1,425.19,0.1,382.67
502010,2025-01-17,10264,2060,1,927.82,0.2,742.26
503591,2025-01-17,10201,2004,4,3195.85,0.15,10865.89
500184,2025-01-18,10191,2058,2,3587.6,0.05,6816.44
500383,2025-01-18,10257,2051,2,957.15,0.05,1818.58
500792,2025-01-18,10113,2025,4,1010.25,0.0,4041.0
501615,2025-01-18,10048,2011,5,899.65,0.0,4498.25
502935,2025-01-18,10462,2047,2,2201.3,0.15,3742.21
504041,2025-01-18,10269,2021,2,1215.08,0.0,2430.16
504200,2025-01-18,10053,2006,2,599.64,0.0,1199.28
504378,2025-01-18,10068,2008,2,386.95,0.05,735.2
500750,2025-01-19,10118,2050,1,2382.06,0.15,2024.75
501985,2025-01-19,10188,2060,1,927.82,0.0,927.82
503537,2025-01-19,10011,2045,5,3130.69,0.05,14870.78
502312,2025-01-20,10345,2050,5,2382.06,0.1,10719.27
500494,2025-01-21,10045,2033,1,501.81,0.0,501.81
501498,2025-01-21,10010,2015,2,535.35,0.1,963.63
503254,2025-01-21,10165,2060,4,927.82,0.1,3340.15
500202,2025-01-22,10180,2006,4,599.64,0.2,1918.85
500463,2025-01-22,10064,2002,2,175.29,0.0,350.58
502815,2025-01-22,10103,2060,4,927.82,0.1,3340.15
504359,2025-01-22,10088,2057,1,1532.24,0.0,1532.24
500167,2025-01-23,10235,2019,3,3291.33,0.1,8886.59
500886,2025-01-23,10405,2054,1,2674.42,0.05,2540.7
501567,2025-01-23,10251,2013,3,379.72,0.0,1139.16
502982,2025-01-23,10308,2043,5,1014.67,0.0,5073.35
503352,2025-01-23,10470,2056,4,961.43,0.1,3461.15
503677,2025-01-23,10292,2027,2,1508.58,0.2,2413.73
501415,2025-01-24,10216,2031,4,635.47,0.15,2160.6
501549,2025-01-24,10099,2020,3,353.95,0.0,1061.85
503584,2025-01-24,10326,2004,1,3195.85,0.0,3195.85
501213,2025-01-25,10345,2055,1,4486.03,0.0,4486.03
501590,2025-01-25,10088,2030,3,276.46,0.0,829.38
502444,2025-01-25,10397,2018,2,1912.96,0.0,3825.92
502468,2025-01-25,10269,2057,3,1532.24,0.0,4596.72
504867,2025-01-25,10008,2013,5,379.72,0.2,1518.88
500811,2025-01-26,10315,2053,4,5717.05,0.0,22868.2
500870,2025-01-26,10418,2047,5,2201.3,0.0,11006.5
500929,2025-01-26,10087,2031,4,635.47,0.2,2033.5
500950,2025-01-26,10472,2035,3,506.04,0.1,1366.31
501169,2025-01-26,10094,2056,4,961.43,0.0,3845.72
501190,2025-01-26,10320,2013,3,379.72,0.15,968.29
502579,2025-01-26,10148,2038,2,392.48,0.05,745.71
504838,2025-01-26,10476,2039,3,592.66,0.0,1777.98
501509,2025-01-27,10111,2045,4,3130.69,0.0,12522.76
502385,2025-01-27,10349,2032,5,937.76,0.0,4688.8
504522,2025-01-27,10133,2042,4,629.87,0.0,2519.48
500251,2025-01-28,10486,2004,5,3195.85,0.05,15180.29
500899,2025-01-28,10283,2031,2,635.47,0.0,1270.94
501486,2025-01-28,10239,2037,3,633.21,0.2,1519.7
503220,2025-01-28,10193,2037,2,633.21,0.2,1013.14
503864,2025-01-28,10128,2043,2,1014.67,0.05,1927.87
501613,2025-01-29,10063,2020,1,353.95,0.15,300.86
501878,2025-01-29,10055,2027,2,1508.58,0.0,3017.16
502464,2025-01-29,10488,2028,4,463.82,0.0,1855.28
503733,2025-01-29,10088,2004,4,3195.85,0.15,10865.89
503884,2025-01-29,10167,2019,3,3291.33,0.2,7899.19
501416,2025-01-30,10095,2010,2,383.48,0.1,690.26
502411,2025-01-30,10148,2008,2,386.95,0.05,735.2
502722,2025-01-30,10254,2015,5,535.35,0.05,2542.91
503267,2025-01-30,10210,2018,4,1912.96,0.0,7651.84
503751,2025-01-30,10433,2018,1,1912.96,0.0,1912.96
504366,2025-01-30,10293,2039,3,592.66,0.1,1600.18
504986,2025-01-30,10149,2024,5,329.59,0.0,1647.95
501005,2025-01-31,10081,2053,3,5717.05,0.0,17151.15
501439,2025-01-31,10006,2051,3,957.15,0.05,2727.88
503927,2025-01-31,10036,2004,4,3195.85,0.1,11505.06
504910,2025-01-31,10295,2020,1,353.95,0.05,336.25
502493,2025-02-01,10054,2051,4,957.15,0.1,3445.74
504004,2025-02-01,10129,2023,4,1843.08,0.0,7372.32
501136,2025-02-02,10266,2002,3,175.29,0.0,525.87
502271,2025-02-02,10074,2002,3,175.29,0.0,525.87
503924,2025-02-02,10087,2048,2,842.22,0.0,1684.44
504373,2025-02-02,10294,2023,5,1843.08,0.0,9215.4
500298,2025-02-03,10136,2057,3,1532.24,0.15,3907.21
500454,2025-02-03,10483,2049,5,886.43,0.05,4210.54
501313,2025-02-03,10294,2016,2,2344.51,0.0,4689.02
502920,2025-02-03,10100,2051,2,957.15,0.0,1914.3
503529,2025-02-03,10332,2017,3,1145.42,0.0,3436.26
504559,2025-02-03,10040,2019,4,3291.33,0.0,13165.32
504872,2025-02-03,10348,2046,4,425.19,0.1,1530.68
502477,2025-02-04,10069,2036,4,861.27,0.15,2928.32
500653,2025-02-05,10023,2004,5,3195.85,0.0,15979.25
501158,2025-02-05,10452,2058,3,3587.6,0.05,10224.66
501478,2025-02-05,10300,2001,2,2873.46,0.1,5172.23
502230,2025-02-05,10150,2019,4,3291.33,0.15,11190.52
503495,2025-02-05,10206,2018,4,1912.96,0.2,6121.47
503628,2025-02-05,10275,2020,5,353.95,0.15,1504.29
504064,2025-02-05,10351,2034,5,1653.02,0.05,7851.84
500512,2025-02-06,10488,2016,2,2344.51,0.0,4689.02
502324,2025-02-06,10035,2026,2,293.54,0.2,469.66
502500,2025-02-06,10379,2018,5,1912.96,0.05,9086.56
500405,2025-02-07,10103,2029,2,1516.17,0.0,3032.34
500672,2025-02-07,10137,2033,3,501.81,0.05,1430.16
501224,2025-02-07,10154,2004,2,3195.85,0.05,6072.12
502212,2025-02-07,10047,2053,5,5717.05,0.0,28585.25
502430,2025-02-07,10298,2042,5,629.87,0.0,3149.35
503013,2025-02-07,10181,2020,4,353.95,0.0,1415.8
503270,2025-02-07,10015,2021,3,1215.08,0.05,3462.98
503971,2025-02-07,10033,2060,3,927.82,0.0,2783.46
500261,2025-02-08,10424,2057,5,1532.24,0.0,7661.2
501769,2025-02-08,10274,2006,2,599.64,0.0,1199.28
503646,2025-02-08,10123,2007,2,1690.84,0.0,3381.68
503925,2025-02-08,10234,2038,2,392.48,0.0,784.96
504102,2025-02-08,10220,2017,2,1145.42,0.1,2061.76
501221,2025-02-09,10441,2012,2,1148.51,0.0,2297.02
502057,2025-02-09,10236,2027,5,1508.58,0.0,7542.9
502390,2025-02-09,10183,2032,3,937.76,0.0,2813.28
502563,2025-02-09,10278,2043,1,1014.67,0.05,963.94
502880,2025-02-09,10452,2031,5,635.47,0.05,3018.48
503305,2025-02-09,10274,2017,2,1145.42,0.0,2290.84
501229,2025-02-10,10326,2032,1,937.76,0.0,937.76
504276,2025-02-10,10051,2013,5,379.72,0.0,1898.6
500160,2025-02-11,10499,2010,2,383.48,0.1,690.26
500425,2025-02-11,10456,2029,5,1516.17,0.1,6822.76
501857,2025-02-11,10245,2044,1,1264.17,0.1,1137.75
502458,2025-02-11,10165,2041,3,3146.01,0.15,8022.33
500104,2025-02-12,10293,2055,3,4486.03,0.0,13458.09
501424,2025-02-12,10380,2046,2,425.19,0.1,765.34
502900,2025-02-12,10121,2059,5,457.8,0.05,2174.55
503653,2025-02-12,10329,2002,3,175.29,0.1,473.28
500574,2025-02-13,10218,2030,2,276.46,0.1,497.63
504348,2025-02-13,10165,2016,1,2344.51,0.05,2227.28
504573,2025-02-13,10036,2005,1,1163.47,0.0,1163.47
500957,2025-02-14,10317,2041,3,3146.01,0.05,8966.13
501090,2025-02-14,10248,2014,3,1960.94,0.0,5882.82
501258,2025-02-14,10205,2057,3,1532.24,0.0,4596.72
501404,2025-02-14,10319,2020,4,353.95,0.2,1132.64
501746,2025-02-14,10227,2001,2,2873.46,0.05,5459.57
502160,2025-02-14,10215,2056,1,961.43,0.1,865.29
502219,2025-02-14,10138,2009,5,1022.26,0.0,5111.3
502507,2025-02-14,10235,2017,4,1145.42,0.2,3665.34
502591,2025-02-14,10166,2025,3,1010.25,0.0,3030.75
504750,2025-02-14,10147,2002,4,175.29,0.2,560.93
504760,2025-02-14,10258,2054,5,2674.42,0.0,13372.1
502302,2025-02-15,10291,2036,2,861.27,0.0,1722.54
502339,2025-02-15,10151,2045,2,3130.69,0.0,6261.38
503071,2025-02-15,10481,2035,4,506.04,0.15,1720.54
503334,2025-02-15,10117,2044,3,1264.17,0.0,3792.51
503852,2025-02-15,10339,2034,1,1653.02,0.05,1570.37
500384,2025-02-16,10474,2013,1,379.72,0.1,341.75
501230,2025-02-16,10455,2049,4,886.43,0.15,3013.86
503336,2025-02-16,10033,2045,2,3130.69,0.0,6261.38
503686,2025-02-16,10238,2026,5,293.54,0.15,1247.54
504539,2025-02-16,10470,2047,2,2201.3,0.05,4182.47
504550,2025-02-16,10496,2026,1,293.54,0.1,264.19
500156,2025-02-17,10410,2017,1,1145.42,0.0,1145.42
500531,2025-02-17,10075,2013,1,379.72,0.2,303.78
502137,2025-02-17,10165,2024,5,329.59,0.1,1483.16
503597,2025-02-17,10109,2032,3,937.76,0.2,2250.62
500306,2025-02-18,10269,2025,3,1010.25,0.1,2727.68
501082,2025-02-18,10013,2011,2,899.65,0.0,1799.3
501320,2025-02-18,10367,2049,5,886.43,0.05,4210.54
501329,2025-02-18,10484,2033,2,501.81,0.0,1003.62
502095,2025-02-18,10307,2016,2,2344.51,0.0,4689.02
502850,2025-02-18,10016,2050,5,2382.06,0.05,11314.78
503907,2025-02-18,10347,2010,1,383.48,0.0,383.48
504173,2025-02-18,10250,2057,4,1532.24,0.0,6128.96
504404,2025-02-18,10434,2014,3,1960.94,0.1,5294.54
504663,2025-02-18,10302,2059,2,457.8,0.0,915.6
500798,2025-02-19,10498,2010,5,383.48,0.1,1725.66
501200,2025-02-19,10234,2043,4,1014.67,0.0,4058.68
501755,2025-02-19,10146,2032,5,937.76,0.0,4688.8
502309,2025-02-19,10369,2011,3,899.65,0.0,2698.95
502323,2025-02-19,10349,2027,3,1508.58,0.15,3846.88
503745,2025-02-19,10413,2020,5,353.95,0.0,1769.75
503997,2025-02-19,10349,2018,4,1912.96,0.0,7651.84
504326,2025-02-19,10079,2017,4,1145.42,0.05,4352.6
504460,2025-02-19,10051,2009,4,1022.26,0.15,3475.68
500486,2025-02-20,10229,2021,4,1215.08,0.0,4860.32
501314,2025-02-20,10001,2002,1,175.29,0.0,175.29
503101,2025-02-20,10450,2059,4,457.8,0.0,1831.2
503474,2025-02-20,10123,2002,5,175.29,0.05,832.63
504246,2025-02-20,10128,2046,2,425.19,0.0,850.38
504497,2025-02-20,10346,2039,3,592.66,0.05,1689.08
504784,2025-02-20,10071,2004,5,3195.85,0.0,15979.25
500738,2025-02-21,10157,2023,4,1843.08,0.1,6635.09
502121,2025-02-21,10234,2036,5,861.27,0.0,4306.35
502540,2025-02-21,10293,2042,3,629.87,0.1,1700.65
503089,2025-02-21,10215,2026,4,293.54,0.0,1174.16
503918,2025-02-21,10389,2003,4,3232.31,0.05,12282.78
500588,2025-02-22,10249,2012,3,1148.51,0.15,2928.7
502658,2025-02-22,10267,2043,4,1014.67,0.05,3855.75
502691,2025-02-22,10218,2020,1,353.95,0.0,353.95
503183,2025-02-22,10150,2040,2,2622.65,0.15,4458.5
504066,2025-02-22,10396,2059,4,457.8,0.0,1831.2
501326,2025-02-23,10078,2035,4,506.04,0.0,2024.16
501587,2025-02-23,10012,2005,5,1163.47,0.05,5526.48
501631,2025-02-23,10378,2001,1,2873.46,0.0,2873.46
501739,2025-02-23,10397,2028,3,463.82,0.0,1391.46
502349,2025-02-23,10384,2052,1,4381.84,0.05,4162.75
502586,2025-02-23,10362,2020,2,353.95,0.0,707.9
502733,2025-02-23,10024,2036,3,861.27,0.15,2196.24
503301,2025-02-23,10065,2036,1,861.27,0.05,818.21
501392,2025-02-24,10400,2011,3,899.65,0.15,2294.11
501919,2025-02-24,10367,2059,5,457.8,0.0,2289.0
501927,2025-02-24,10358,2027,3,1508.58,0.0,4525.74
504483,2025-02-24,10250,2043,1,1014.67,0.15,862.47
500106,2025-02-25,10098,2035,5,506.04,0.0,2530.2
500194,2025-02-25,10097,2043,2,1014.67,0.1,1826.41
501369,2025-02-25,10171,2060,3,927.82,0.2,2226.77
501545,2025-02-25,10437,2037,2,633.21,0.1,1139.78
504294,2025-02-25,10204,2042,4,629.87,0.15,2141.56
501311,2025-02-26,10073,2041,5,3146.01,0.0,15730.05
502670,2025-02-26,10117,2012,4,1148.51,0.2,3675.23
502741,2025-02-26,10276,2049,2,886.43,0.1,1595.57
503074,2025-02-26,10252,2023,3,1843.08,0.05,5252.78
504499,2025-02-26,10214,2015,3,535.35,0.0,1606.05
500770,2025-02-27,10396,2008,3,386.95,0.0,1160.85
501946,2025-02-27,10386,2008,5,386.95,0.1,1741.28
500483,2025-02-28,10383,2052,4,4381.84,0.1,15774.62
501016,2025-02-28,10253,2009,5,1022.26,0.0,5111.3
501823,2025-02-28,10051,2053,4,5717.05,0.0,22868.2
501869,2025-02-28,10174,2049,4,886.43,0.05,3368.43
503791,2025-02-28,10006,2001,1,2873.46,0.1,2586.11
504083,2025-02-28,10270,2020,5,353.95,0.05,1681.26
500511,2025-03-01,10142,2005,4,1163.47,0.05,4421.19
503173,2025-03-01,10253,2044,5,1264.17,0.0,6320.85
504026,2025-03-01,10277,2033,1,501.81,0.15,426.54
500222,2025-03-02,10231,2014,4,1960.94,0.15,6667.2
500864,2025-03-02,10388,2050,2,2382.06,0.05,4525.91
501757,2025-03-02,10010,2024,5,329.59,0.0,1647.95
502374,2025-03-02,10132,2018,1,1912.96,0.0,1912.96
503694,2025-03-02,10134,2019,2,3291.33,0.0,6582.66
504664,2025-03-02,10354,2043,3,1014.67,0.0,3044.01
504965,2025-03-02,10239,2056,5,961.43,0.0,4807.15
500368,2025-03-03,10021,2021,1,1215.08,0.0,1215.08
502298,2025-03-03,10287,2048,2,842.22,0.0,1684.44
502336,2025-03-03,10418,2040,3,2622.65,0.05,7474.55
503767,2025-03-03,10083,2017,4,1145.42,0.1,4123.51
500136,2025-03-04,10103,2053,5,5717.05,0.0,28585.25
501807,2025-03-04,10232,2045,5,3130.69,0.0,15653.45
502532,2025-03-04,10286,2049,4,886.43,0.1,3191.15
502660,2025-03-04,10322,2025,3,1010.25,0.0,3030.75
502677,2025-03-04,10458,2030,5,276.46,0.05,1313.18
502878,2025-03-04,10412,2004,4,3195.85,0.2,10226.72
500943,2025-03-05,10301,2030,3,276.46,0.2,663.5
501492,2025-03-05,10023,2023,1,1843.08,0.0,1843.08
502501,2025-03-05,10030,2032,5,937.76,0.0,4688.8
504273,2025-03-05,10097,2015,2,535.35,0.0,1070.7
504459,2025-03-05,10362,2047,4,2201.3,0.0,8805.2
501271,2025-03-06,10232,2027,2,1508.58,0.0,3017.16
504257,2025-03-06,10236,2023,4,1843.08,0.0,7372.32
500485,2025-03-07,10229,2011,4,899.65,0.05,3418.67
501426,2025-03-07,10277,2032,1,937.76,0.0,937.76
502599,2025-03-07,10460,2019,2,3291.33,0.0,6582.66
500366,2025-03-08,10310,2041,3,3146.01,0.0,9438.03
500540,2025-03-08,10101,2018,4,1912.96,0.0,7651.84
500944,2025-03-08,10138,2033,5,501.81,0.1,2258.15
501112,2025-03-08,10374,2011,5,899.65,0.0,4498.25
504744,2025-03-08,10277,2033,4,501.81,0.05,1906.88
500664,2025-03-10,10100,2011,1,899.65,0.0,899.65
504640,2025-03-10,10428,2050,1,2382.06,0.0,2382.06
504773,2025-03-10,10393,2019,4,3291.33,0.0,13165.32
500456,2025-03-11,10048,2053,2,5717.05,0.1,10290.69
500523,2025-03-11,10282,2056,4,961.43,0.05,3653.43
503037,2025-03-11,10472,2045,2,3130.69,0.0,6261.38
504271,2025-03-11,10243,2037,3,633.21,0.0,1899.63
501140,2025-03-12,10225,2049,4,886.43,0.15,3013.86
501301,2025-03-12,10279,2057,4,1532.24,0.0,6128.96
501594,2025-03-12,10232,2033,5,501.81,0.0,2509.05
502928,2025-03-12,10432,2056,4,961.43,0.0,3845.72
503699,2025-03-12,10321,2054,5,2674.42,0.1,12034.89
503894,2025-03-12,10271,2045,3,3130.69,0.0,9392.07
501202,2025-03-13,10085,2001,2,2873.46,0.0,5746.92
501820,2025-03-13,10234,2054,2,2674.42,0.1,4813.96
502055,2025-03-13,10246,2031,1,635.47,0.0,635.47
502272,2025-03-13,10144,2001,1,2873.46,0.2,2298.77
502821,2025-03-13,10428,2050,1,2382.06,0.05,2262.96
504755,2025-03-13,10269,2040,5,2622.65,0.15,11146.26
504767,2025-03-13,10445,2056,1,961.43,0.2,769.14
504901,2025-03-13,10102,2007,2,1690.84,0.0,3381.68
500362,2025-03-14,10335,2029,2,1516.17,0.0,3032.34
502185,2025-03-14,10224,2039,2,592.66,0.05,1126.05
502229,2025-03-14,10304,2031,3,635.47,0.1,1715.77
502535,2025-03-14,10242,2029,2,1516.17,0.0,3032.34
503072,2025-03-14,10114,2027,1,1508.58,0.0,1508.58
503483,2025-03-14,10278,2060,4,927.82,0.0,3711.28
500867,2025-03-15,10290,2037,1,633.21,0.1,569.89
501655,2025-03-15,10142,2052,1,4381.84,0.0,4381.84
502603,2025-03-15,10493,2047,2,2201.3,0.05,4182.47
502780,2025-03-15,10498,2031,5,635.47,0.0,3177.35
502021,2025-03-16,10471,2001,2,2873.46,0.1,5172.23
504786,2025-03-16,10154,2001,5,2873.46,0.0,14367.3
500636,2025-03-17,10316,2028,3,463.82,0.2,1113.17
501360,2025-03-17,10132,2045,1,3130.69,0.05,2974.16
502423,2025-03-17,10172,2060,2,927.82,0.1,1670.08
503278,2025-03-17,10218,2025,5,1010.25,0.0,5051.25
504285,2025-03-17,10399,2029,5,1516.17,0.05,7201.81
504588,2025-03-17,10205,2060,1,927.82,0.05,881.43
504900,2025-03-17,10095,2007,5,1690.84,0.0,8454.2
504950,2025-03-17,10159,2026,2,293.54,0.05,557.73
500162,2025-03-18,10023,2060,5,927.82,0.0,4639.1
500458,2025-03-18,10434,2033,4,501.81,0.1,1806.52
502186,2025-03-18,10378,2001,1,2873.46,0.0,2873.46
502420,2025-03-19,10036,2060,2,927.82,0.05,1762.86
502498,2025-03-19,10316,2043,3,1014.67,0.1,2739.61
502546,2025-03-19,10321,2015,3,535.35,0.0,1606.05
503805,2025-03-19,10125,2036,2,861.27,0.05,1636.41
504189,2025-03-19,10285,2020,5,353.95,0.0,1769.75
500595,2025-03-20,10139,2040,2,2622.65,0.05,4983.04
500913,2025-03-20,10327,2008,3,386.95,0.15,986.72
500999,2025-03-20,10094,2041,1,3146.01,0.0,3146.01
501027,2025-03-20,10388,2037,5,633.21,0.1,2849.44
501156,2025-03-20,10487,2028,5,463.82,0.0,2319.1
501217,2025-03-20,10323,2035,4,506.04,0.1,1821.74
503527,2025-03-20,10496,2001,2,2873.46,0.0,5746.92
504190,2025-03-20,10353,2014,2,1960.94,0.0,3921.88
500094,2025-03-21,10235,2058,3,3587.6,0.1,9686.52
501047,2025-03-21,10178,2006,1,599.64,0.0,599.64
501290,2025-03-21,10369,2013,3,379.72,0.05,1082.2
501925,2025-03-21,10061,2001,2,2873.46,0.05,5459.57
503002,2025-03-21,10401,2040,5,2622.65,0.05,12457.59
501982,2025-03-22,10209,2010,3,383.48,0.1,1035.4
501988,2025-03-22,10076,2017,4,1145.42,0.0,4581.68
502854,2025-03-22,10308,2010,4,383.48,0.1,1380.53
504291,2025-03-22,10101,2030,4,276.46,0.0,1105.84
504620,2025-03-22,10250,2029,4,1516.17,0.1,5458.21
504885,2025-03-22,10365,2008,1,386.95,0.1,348.26
500781,2025-03-23,10246,2047,2,2201.3,0.15,3742.21
500790,2025-03-23,10055,2002,3,175.29,0.0,525.87
500998,2025-03-23,10439,2040,1,2622.65,0.1,2360.39
502038,2025-03-23,10130,2032,4,937.76,0.1,3375.94
503219,2025-03-23,10227,2031,5,635.47,0.0,3177.35
503338,2025-03-23,10384,2040,2,2622.65,0.15,4458.5
503533,2025-03-23,10063,2015,4,535.35,0.1,1927.26
503800,2025-03-23,10134,2046,5,425.19,0.05,2019.65
500255,2025-03-24,10053,2048,3,842.22,0.1,2273.99
502235,2025-03-24,10309,2027,1,1508.58,0.2,1206.86
504167,2025-03-24,10008,2021,3,1215.08,0.05,3462.98
500385,2025-03-25,10100,2010,2,383.48,0.0,766.96
500775,2025-03-25,10356,2045,4,3130.69,0.05,11896.62
503012,2025-03-25,10370,2052,5,4381.84,0.1,19718.28
500056,2025-03-26,10244,2041,2,3146.01,0.0,6292.02
501809,2025-03-26,10254,2041,5,3146.01,0.2,12584.04
502136,2025-03-26,10314,2038,1,392.48,0.0,392.48
502858,2025-03-26,10334,2031,2,635.47,0.0,1270.94
503285,2025-03-26,10305,2052,5,4381.84,0.0,21909.2
504734,2025-03-26,10241,2024,4,329.59,0.0,1318.36
500435,2025-03-28,10035,2003,3,3232.31,0.05,9212.08
500640,2025-03-28,10332,2011,3,899.65,0.0,2698.95
501811,2025-03-28,10187,2033,4,501.81,0.0,2007.24
502480,2025-03-28,10466,2025,1,1010.25,0.0,1010.25
502696,2025-03-28,10452,2020,4,353.95,0.0,1415.8
500433,2025-03-29,10362,2045,3,3130.69,0.05,8922.47
501900,2025-03-29,10013,2016,2,2344.51,0.0,4689.02
502007,2025-03-29,10084,2021,2,1215.08,0.15,2065.64
503273,2025-03-29,10261,2033,1,501.81,0.0,501.81
502777,2025-03-30,10230,2024,1,329.59,0.0,329.59
503489,2025-03-30,10302,2056,1,961.43,0.0,961.43
504150,2025-03-30,10019,2006,4,599.64,0.0,2398.56
504594,2025-03-30,10414,2046,4,425.19,0.0,1700.76
501111,2025-03-31,10112,2034,4,1653.02,0.0,6612.08
501600,2025-03-31,10108,2059,4,457.8,0.2,1464.96
502494,2025-03-31,10035,2013,5,379.72,0.2,1518.88
503422,2025-03-31,10074,2034,3,1653.02,0.05,4711.11
503560,2025-03-31,10458,2004,5,3195.85,0.1,14381.32
501806,2025-04-01,10341,2051,4,957.15,0.1,3445.74
502977,2025-04-01,10370,2015,3,535.35,0.0,1606.05
503107,2025-04-01,10017,2020,4,353.95,0.1,1274.22
500439,2025-04-02,10354,2033,3,501.81,0.05,1430.16
500915,2025-04-02,10122,2005,5,1163.47,0.05,5526.48
501233,2025-04-02,10493,2013,3,379.72,0.15,968.29
501252,2025-04-02,10342,2008,4,386.95,0.1,1393.02
501995,2025-04-02,10242,2025,5,1010.25,0.2,4041.0
503169,2025-04-02,10014,2051,3,957.15,0.0,2871.45
503723,2025-04-02,10118,2040,1,2622.65,0.1,2360.39
501595,2025-04-03,10297,2054,5,2674.42,0.0,13372.1
501638,2025-04-03,10423,2052,5,4381.84,0.05,20813.74
501964,2025-04-03,10133,2055,3,4486.03,0.2,10766.47
502482,2025-04-03,10062,2024,1,329.59,0.1,296.63
502929,2025-04-03,10133,2016,4,2344.51,0.0,9378.04
503303,2025-04-03,10431,2016,3,2344.51,0.05,6681.85
504178,2025-04-03,10476,2022,4,764.51,0.0,3058.04
502213,2025-04-04,10248,2010,2,383.48,0.15,651.92
502618,2025-04-04,10056,2056,1,961.43,0.15,817.22
502704,2025-04-04,10320,2052,1,4381.84,0.05,4162.75
502971,2025-04-04,10282,2019,4,3291.33,0.05,12507.05
504844,2025-04-04,10066,2012,1,1148.51,0.0,1148.51
504849,2025-04-04,10221,2044,3,1264.17,0.05,3602.88
502360,2025-04-05,10076,2017,4,1145.42,0.15,3894.43
503513,2025-04-05,10369,2031,1,635.47,0.0,635.47
504505,2025-04-05,10451,2052,3,4381.84,0.05,12488.24
500882,2025-04-06,10104,2058,5,3587.6,0.0,17938.0
500613,2025-04-07,10299,2027,5,1508.58,0.1,6788.61
500845,2025-04-07,10150,2027,5,1508.58,0.0,7542.9
502557,2025-04-07,10053,2005,5,1163.47,0.05,5526.48
502791,2025-04-07,10080,2037,5,633.21,0.0,3166.05
503129,2025-04-07,10431,2060,2,927.82,0.0,1855.64
500508,2025-04-08,10079,2003,5,3232.31,0.05,15353.47
500708,2025-04-08,10353,2033,1,501.81,0.15,426.54
503364,2025-04-08,10263,2005,1,1163.47,0.0,1163.47
503923,2025-04-08,10298,2008,2,386.95,0.15,657.82
503929,2025-04-08,10136,2017,4,1145.42,0.0,4581.68
504451,2025-04-08,10409,2017,5,1145.42,0.1,5154.39
504655,2025-04-08,10215,2059,4,457.8,0.05,1739.64
500406,2025-04-09,10268,2043,4,1014.67,0.0,4058.68
500428,2025-04-09,10030,2032,1,937.76,0.05,890.87
503083,2025-04-09,10462,2021,3,1215.08,0.0,3645.24
503536,2025-04-09,10400,2022,3,764.51,0.0,2293.53
503645,2025-04-09,10234,2037,5,633.21,0.0,3166.05
504374,2025-04-09,10348,2050,1,2382.06,0.0,2382.06
501495,2025-04-10,10242,2035,3,506.04,0.0,1518.12
502290,2025-04-10,10132,2025,4,1010.25,0.0,4041.0
504218,2025-04-10,10046,2049,2,886.43,0.05,1684.22
500745,2025-04-11,10351,2011,1,899.65,0.05,854.67
500843,2025-04-11,10385,2036,5,861.27,0.0,4306.35
500912,2025-04-11,10206,2002,2,175.29,0.0,350.58
502263,2025-04-11,10414,2013,3,379.72,0.05,1082.2
503213,2025-04-11,10120,2011,3,899.65,0.05,2564.0
504274,2025-04-11,10369,2019,5,3291.33,0.05,15633.82
500513,2025-04-12,10410,2027,1,1508.58,0.05,1433.15
500677,2025-04-12,10402,2058,4,3587.6,0.2,11480.32
502665,2025-04-12,10437,2005,2,1163.47,0.1,2094.25
503637,2025-04-12,10428,2014,1,1960.94,0.15,1666.8
504630,2025-04-12,10065,2035,4,506.04,0.0,2024.16
504971,2025-04-12,10126,2051,3,957.15,0.1,2584.3
501268,2025-04-13,10119,2050,1,2382.06,0.0,2382.06
501972,2025-04-13,10136,2025,3,1010.25,0.05,2879.21
502023,2025-04-13,10177,2044,3,1264.17,0.0,3792.51
502234,2025-04-13,10365,2012,4,1148.51,0.1,4134.64
502283,2025-04-13,10477,2027,4,1508.58,0.2,4827.46
503171,2025-04-13,10296,2016,2,2344.51,0.0,4689.02
503828,2025-04-13,10483,2001,5,2873.46,0.05,13648.94
504078,2025-04-13,10141,2006,3,599.64,0.0,1798.92
500568,2025-04-14,10161,2017,2,1145.42,0.0,2290.84
502987,2025-04-14,10249,2057,4,1532.24,0.1,5516.06
501790,2025-04-15,10195,2051,4,957.15,0.0,3828.6
504792,2025-04-15,10194,2032,3,937.76,0.1,2531.95
502463,2025-04-16,10455,2014,2,1960.94,0.1,3529.69
503671,2025-04-16,10439,2013,3,379.72,0.15,968.29
503995,2025-04-16,10370,2060,2,927.82,0.0,1855.64
504948,2025-04-16,10102,2017,1,1145.42,0.0,1145.42
500344,2025-04-17,10419,2017,5,1145.42,0.05,5440.74
500575,2025-04-17,10404,2040,5,2622.65,0.15,11146.26
501002,2025-04-17,10373,2044,4,1264.17,0.0,5056.68
501573,2025-04-17,10352,2036,2,861.27,0.15,1464.16
502536,2025-04-17,10203,2047,2,2201.3,0.0,4402.6
503166,2025-04-17,10051,2010,2,383.48,0.05,728.61
504413,2025-04-17,10483,2024,1,329.59,0.05,313.11
504779,2025-04-17,10113,2036,1,861.27,0.05,818.21
504829,2025-04-17,10131,2011,2,899.65,0.0,1799.3
500515,2025-04-18,10192,2018,5,1912.96,0.05,9086.56
501646,2025-04-18,10477,2038,3,392.48,0.0,1177.44
504537,2025-04-18,10132,2032,2,937.76,0.2,1500.42
502396,2025-04-19,10302,2041,5,3146.01,0.0,15730.05
502417,2025-04-19,10168,2051,3,957.15,0.0,2871.45
502939,2025-04-19,10085,2047,5,2201.3,0.0,11006.5
500992,2025-04-20,10470,2034,1,1653.02,0.2,1322.42
501505,2025-04-20,10316,2049,5,886.43,0.0,4432.15
503469,2025-04-20,10060,2043,5,1014.67,0.0,5073.35
504210,2025-04-20,10096,2015,1,535.35,0.05,508.58
501223,2025-04-21,10104,2016,4,2344.51,0.1,8440.24
501400,2025-04-21,10281,2002,1,175.29,0.1,157.76
502890,2025-04-21,10286,2034,3,1653.02,0.05,4711.11
504175,2025-04-21,10490,2051,5,957.15,0.2,3828.6
504339,2025-04-21,10165,2058,1,3587.6,0.0,3587.6
504440,2025-04-21,10324,2004,4,3195.85,0.1,11505.06
504724,2025-04-21,10273,2001,1,2873.46,0.1,2586.11
500342,2025-04-22,10398,2026,4,293.54,0.2,939.33
500891,2025-04-22,10170,2037,2,633.21,0.0,1266.42
501479,2025-04-22,10480,2041,4,3146.01,0.0,12584.04
502100,2025-04-22,10327,2025,5,1010.25,0.05,4798.69
503711,2025-04-22,10065,2023,4,1843.08,0.0,7372.32
504383,2025-04-22,10264,2034,3,1653.02,0.05,4711.11
504415,2025-04-22,10470,2029,2,1516.17,0.0,3032.34
500275,2025-04-23,10042,2005,2,1163.47,0.05,2210.59
502176,2025-04-23,10254,2035,4,506.04,0.0,2024.16
502650,2025-04-23,10139,2003,3,3232.31,0.2,7757.54
502845,2025-04-23,10262,2041,1,3146.01,0.15,2674.11
503039,2025-04-23,10468,2013,2,379.72,0.05,721.47
503153,2025-04-23,10454,2060,3,927.82,0.05,2644.29
500822,2025-04-24,10098,2007,2,1690.84,0.1,3043.51
501625,2025-04-24,10429,2013,4,379.72,0.15,1291.05
503555,2025-04-24,10263,2002,3,175.29,0.15,446.99
504120,2025-04-24,10162,2023,2,1843.08,0.1,3317.54
504435,2025-04-24,10365,2009,4,1022.26,0.0,4089.04
504589,2025-04-24,10188,2011,1,899.65,0.05,854.67
500866,2025-04-25,10386,2047,3,2201.3,0.0,6603.9
504206,2025-04-25,10138,2028,2,463.82,0.15,788.49
500786,2025-04-26,10277,2026,4,293.54,0.0,1174.16
502583,2025-04-26,10419,2049,5,886.43,0.05,4210.54
503899,2025-04-26,10367,2039,5,592.66,0.0,2963.3
500818,2025-04-27,10149,2005,5,1163.47,0.0,5817.35
502009,2025-04-27,10464,2047,2,2201.3,0.05,4182.47
502893,2025-04-27,10358,2039,1,592.66,0.0,592.66
503383,2025-04-27,10446,2030,5,276.46,0.1,1244.07
504146,2025-04-27,10136,2046,4,425.19,0.15,1445.65
504504,2025-04-27,10279,2015,1,535.35,0.0,535.35
504700,2025-04-27,10243,2011,2,899.65,0.15,1529.4
500962,2025-04-28,10081,2032,2,937.76,0.0,1875.52
502218,2025-04-28,10100,2009,3,1022.26,0.1,2760.1
502905,2025-04-28,10417,2040,5,2622.65,0.15,11146.26
503517,2025-04-28,10458,2003,1,3232.31,0.0,3232.31
500471,2025-04-29,10462,2011,5,899.65,0.0,4498.25
500802,2025-04-29,10445,2023,5,1843.08,0.0,9215.4
501165,2025-04-29,10146,2027,3,1508.58,0.0,4525.74
501241,2025-04-29,10223,2050,3,2382.06,0.0,7146.18
503561,2025-04-29,10074,2039,4,592.66,0.1,2133.58
504233,2025-04-29,10186,2040,5,2622.65,0.0,13113.25
501610,2025-04-30,10310,2052,2,4381.84,0.0,8763.68
501637,2025-04-30,10013,2014,5,1960.94,0.0,9804.7
502908,2025-04-30,10316,2029,3,1516.17,0.0,4548.51
503080,2025-04-30,10279,2008,3,386.95,0.05,1102.81
503934,2025-04-30,10368,2035,2,506.04,0.1,910.87
500274,2025-05-01,10282,2026,3,293.54,0.2,704.5
502995,2025-05-01,10392,2037,3,633.21,0.0,1899.63
503088,2025-05-01,10206,2007,2,1690.84,0.1,3043.51
501734,2025-05-02,10223,2059,2,457.8,0.05,869.82
501879,2025-05-02,10380,2039,2,592.66,0.1,1066.79
502770,2025-05-02,10302,2056,2,961.43,0.05,1826.72
503355,2025-05-02,10479,2020,2,353.95,0.0,707.9
500410,2025-05-03,10480,2059,1,457.8,0.05,434.91
500865,2025-05-03,10305,2054,3,2674.42,0.05,7622.1
504293,2025-05-03,10466,2029,5,1516.17,0.15,6443.72
504581,2025-05-03,10408,2018,2,1912.96,0.0,3825.92
500849,2025-05-04,10211,2019,5,3291.33,0.15,13988.15
502116,2025-05-04,10161,2003,4,3232.31,0.05,12282.78
503516,2025-05-04,10043,2013,2,379.72,0.0,759.44
504723,2025-05-04,10367,2048,3,842.22,0.0,2526.66
500125,2025-05-05,10172,2002,3,175.29,0.1,473.28
500318,2025-05-05,10440,2048,1,842.22,0.05,800.11
503108,2025-05-05,10168,2025,2,1010.25,0.0,2020.5
503789,2025-05-05,10049,2051,4,957.15,0.0,3828.6
504183,2025-05-05,10157,2010,2,383.48,0.0,766.96
500484,2025-05-06,10242,2053,3,5717.05,0.05,16293.59
500922,2025-05-06,10378,2024,1,329.59,0.0,329.59
501371,2025-05-06,10361,2036,2,861.27,0.0,1722.54
503199,2025-05-06,10264,2035,3,506.04,0.0,1518.12
500329,2025-05-07,10320,2003,3,3232.31,0.1,8727.24
500358,2025-05-07,10346,2043,3,1014.67,0.05,2891.81
501029,2025-05-07,10145,2055,2,4486.03,0.1,8074.85
502124,2025-05-07,10031,2014,2,1960.94,0.0,3921.88
502970,2025-05-07,10246,2039,1,592.66,0.15,503.76
503057,2025-05-07,10177,2010,3,383.48,0.15,977.87
504762,2025-05-07,10356,2039,2,592.66,0.0,1185.32
500320,2025-05-08,10188,2017,4,1145.42,0.1,4123.51
500448,2025-05-08,10156,2032,3,937.76,0.05,2672.62
502209,2025-05-08,10155,2024,1,329.59,0.0,329.59
503490,2025-05-08,10030,2056,5,961.43,0.05,4566.79
503724,2025-05-08,10463,2033,3,501.81,0.0,1505.43
503790,2025-05-08,10435,2020,5,353.95,0.0,1769.75
504155,2025-05-08,10405,2045,4,3130.69,0.0,12522.76
500415,2025-05-09,10273,2006,1,599.64,0.0,599.64
500963,2025-05-09,10394,2039,4,592.66,0.15,2015.04
503698,2025-05-09,10302,2058,5,3587.6,0.15,15247.3
500114,2025-05-10,10104,2016,3,2344.51,0.1,6330.18
500211,2025-05-10,10402,2042,1,629.87,0.1,566.88
502625,2025-05-10,10097,2017,2,1145.42,0.1,2061.76
503866,2025-05-10,10356,2018,5,1912.96,0.1,8608.32
504168,2025-05-10,10239,2056,5,961.43,0.1,4326.43
500014,2025-05-11,10200,2021,4,1215.08,0.0,4860.32
500723,2025-05-11,10139,2031,1,635.47,0.05,603.7
501761,2025-05-11,10363,2039,3,592.66,0.0,1777.98
502045,2025-05-11,10131,2046,5,425.19,0.2,1700.76
502151,2025-05-11,10150,2013,4,379.72,0.1,1366.99
502728,2025-05-11,10125,2024,5,329.59,0.0,1647.95
503228,2025-05-11,10495,2041,3,3146.01,0.15,8022.33
500205,2025-05-12,10220,2017,4,1145.42,0.05,4352.6
500855,2025-05-12,10281,2004,1,3195.85,0.15,2716.47
501968,2025-05-12,10213,2005,4,1163.47,0.15,3955.8
503769,2025-05-12,10160,2056,3,961.43,0.15,2451.65
500067,2025-05-13,10079,2035,4,506.04,0.1,1821.74
500492,2025-05-13,10196,2034,1,1653.02,0.1,1487.72
501407,2025-05-13,10340,2014,1,1960.94,0.1,1764.85
502763,2025-05-13,10308,2044,1,1264.17,0.0,1264.17
504117,2025-05-13,10122,2004,3,3195.85,0.15,8149.42
504138,2025-05-13,10440,2059,2,457.8,0.15,778.26
504375,2025-05-13,10165,2029,2,1516.17,0.0,3032.34
500839,2025-05-14,10490,2031,1,635.47,0.0,635.47
503817,2025-05-14,10373,2035,3,506.04,0.05,1442.21
500270,2025-05-15,10020,2026,4,293.54,0.0,1174.16
502377,2025-05-15,10031,2013,3,379.72,0.0,1139.16
503534,2025-05-15,10163,2050,5,2382.06,0.15,10123.75
503773,2025-05-15,10457,2037,1,633.21,0.1,569.89
501585,2025-05-16,10066,2002,4,175.29,0.0,701.16
501735,2025-05-16,10480,2013,2,379.72,0.0,759.44
501762,2025-05-16,10473,2060,1,927.82,0.0,927.82
502254,2025-05-16,10261,2025,1,1010.25,0.05,959.74
502746,2025-05-16,10322,2034,2,1653.02,0.1,2975.44
502847,2025-05-16,10353,2053,3,5717.05,0.0,17151.15
503330,2025-05-16,10105,2018,1,1912.96,0.05,1817.31
503331,2025-05-16,10186,2023,1,1843.08,0.2,1474.46
504286,2025-05-16,10354,2044,1,1264.17,0.1,1137.75
504757,2025-05-16,10256,2015,3,535.35,0.0,1606.05
500527,2025-05-17,10467,2020,5,353.95,0.1,1592.78
500697,2025-05-17,10402,2037,1,633.21,0.2,506.57
500754,2025-05-17,10466,2018,5,1912.96,0.05,9086.56
500164,2025-05-18,10201,2020,1,353.95,0.05,336.25
501643,2025-05-18,10018,2041,1,3146.01,0.0,3146.01
503714,2025-05-18,10309,2018,3,1912.96,0.0,5738.88
504107,2025-05-18,10184,2046,2,425.19,0.1,765.34
504718,2025-05-18,10078,2014,1,1960.94,0.0,1960.94
500207,2025-05-19,10401,2026,3,293.54,0.0,880.62
501064,2025-05-19,10192,2022,5,764.51,0.1,3440.3
503856,2025-05-19,10324,2036,5,861.27,0.2,3445.08
504095,2025-05-19,10233,2060,1,927.82,0.05,881.43
504601,2025-05-19,10142,2055,1,4486.03,0.0,4486.03
500048,2025-05-20,10356,2042,1,629.87,0.0,629.87
500547,2025-05-20,10313,2046,3,425.19,0.2,1020.46
500694,2025-05-20,10179,2040,2,2622.65,0.2,4196.24
502278,2025-05-20,10249,2033,3,501.81,0.05,1430.16
502627,2025-05-20,10484,2030,1,276.46,0.0,276.46
503233,2025-05-20,10264,2017,1,1145.42,0.15,973.61
503253,2025-05-20,10320,2003,3,3232.31,0.0,9696.93
504283,2025-05-20,10487,2019,1,3291.33,0.1,2962.2
501355,2025-05-21,10363,2031,1,635.47,0.2,508.38
501884,2025-05-21,10017,2057,1,1532.24,0.0,1532.24
502514,2025-05-21,10294,2022,1,764.51,0.05,726.28
503265,2025-05-21,10104,2059,4,457.8,0.0,1831.2
500144,2025-05-22,10054,2031,2,635.47,0.1,1143.85
500188,2025-05-22,10293,2050,1,2382.06,0.0,2382.06
500349,2025-05-22,10366,2027,4,1508.58,0.0,6034.32
500409,2025-05-22,10240,2018,4,1912.96,0.05,7269.25
501838,2025-05-22,10062,2020,2,353.95,0.1,637.11
502747,2025-05-22,10380,2047,4,2201.3,0.15,7484.42
504943,2025-05-22,10472,2018,4,1912.96,0.1,6886.66
500873,2025-05-23,10339,2053,2,5717.05,0.1,10290.69
501033,2025-05-23,10399,2056,4,961.43,0.15,3268.86
503029,2025-05-23,10249,2008,2,386.95,0.05,735.2
503590,2025-05-23,10253,2041,4,3146.01,0.0,12584.04
503904,2025-05-23,10451,2011,5,899.65,0.1,4048.42
504977,2025-05-23,10485,2059,2,457.8,0.2,732.48
500082,2025-05-24,10001,2039,3,592.66,0.0,1777.98
500143,2025-05-24,10377,2045,1,3130.69,0.1,2817.62
500390,2025-05-24,10488,2060,2,927.82,0.0,1855.64
501353,2025-05-24,10404,2052,4,4381.84,0.1,15774.62
503776,2025-05-24,10091,2010,3,383.48,0.15,977.87
504409,2025-05-24,10259,2022,3,764.51,0.15,1949.5
504639,2025-05-24,10209,2022,2,764.51,0.1,1376.12
504670,2025-05-25,10460,2008,2,386.95,0.1,696.51
500037,2025-05-26,10474,2030,5,276.46,0.0,1382.3
501687,2025-05-26,10227,2056,5,961.43,0.1,4326.43
501772,2025-05-26,10466,2040,5,2622.65,0.15,11146.26
502318,2025-05-26,10284,2008,1,386.95,0.1,348.26
502511,2025-05-26,10096,2039,3,592.66,0.0,1777.98
503659,2025-05-26,10380,2010,1,383.48,0.1,345.13
502820,2025-05-27,10202,2018,3,1912.96,0.0,5738.88
503379,2025-05-27,10113,2002,4,175.29,0.0,701.16
504837,2025-05-27,10156,2002,4,175.29,0.0,701.16
500795,2025-05-28,10035,2027,5,1508.58,0.0,7542.9
500840,2025-05-28,10133,2055,2,4486.03,0.0,8972.06
501280,2025-05-28,10310,2024,5,329.59,0.0,1647.95
504658,2025-05-28,10341,2047,5,2201.3,0.15,9355.52
502058,2025-05-29,10079,2011,1,899.65,0.0,899.65
502872,2025-05-29,10248,2056,5,961.43,0.15,4086.08
503225,2025-05-29,10230,2033,5,501.81,0.0,2509.05
503959,2025-05-29,10233,2047,2,2201.3,0.05,4182.47
504864,2025-05-29,10164,2023,4,1843.08,0.0,7372.32
501691,2025-05-30,10162,2002,2,175.29,0.0,350.58
501856,2025-05-30,10497,2014,3,1960.94,0.0,5882.82
502074,2025-05-30,10058,2021,4,1215.08,0.0,4860.32
500149,2025-05-31,10204,2038,2,392.48,0.0,784.96
500967,2025-05-31,10081,2019,5,3291.33,0.05,15633.82
501210,2025-05-31,10124,2054,4,2674.42,0.15,9093.03
502094,2025-05-31,10353,2049,1,886.43,0.05,842.11
502497,2025-05-31,10423,2020,2,353.95,0.05,672.5
503592,2025-05-31,10410,2008,5,386.95,0.0,1934.75
503822,2025-05-31,10438,2026,2,293.54,0.0,587.08
504134,2025-05-31,10173,2011,1,899.65,0.0,899.65
504322,2025-05-31,10171,2023,1,1843.08,0.1,1658.77
501391,2025-06-01,10291,2013,3,379.72,0.05,1082.2
502869,2025-06-01,10044,2005,2,1163.47,0.0,2326.94
501414,2025-06-02,10064,2019,3,3291.33,0.1,8886.59
501547,2025-06-02,10358,2054,5,2674.42,0.1,12034.89
503953,2025-06-02,10024,2043,2,1014.67,0.2,1623.47
501083,2025-06-03,10228,2019,1,3291.33,0.1,2962.2
502164,2025-06-03,10494,2031,5,635.47,0.1,2859.62
502273,2025-06-03,10138,2014,5,1960.94,0.0,9804.7
503399,2025-06-03,10269,2036,3,861.27,0.0,2583.81
503988,2025-06-03,10493,2033,3,501.81,0.1,1354.89
504812,2025-06-03,10401,2049,2,886.43,0.1,1595.57
502570,2025-06-04,10111,2015,5,535.35,0.05,2542.91
504005,2025-06-04,10408,2052,5,4381.84,0.0,21909.2
504124,2025-06-04,10282,2039,5,592.66,0.0,2963.3
504590,2025-06-04,10277,2059,2,457.8,0.1,824.04
501251,2025-06-05,10280,2013,2,379.72,0.0,759.44
500059,2025-06-06,10145,2053,1,5717.05,0.1,5145.34
500727,2025-06-06,10091,2041,4,3146.01,0.05,11954.84
501042,2025-06-06,10459,2013,2,379.72,0.2,607.55
501180,2025-06-06,10414,2046,2,425.19,0.05,807.86
504148,2025-06-06,10245,2046,5,425.19,0.0,2125.95
501315,2025-06-07,10324,2058,2,3587.6,0.0,7175.2
501986,2025-06-07,10252,2003,4,3232.31,0.1,11636.32
504104,2025-06-07,10057,2054,2,2674.42,0.05,5081.4
500455,2025-06-08,10100,2028,1,463.82,0.0,463.82
500875,2025-06-08,10286,2022,1,764.51,0.0,764.51
501162,2025-06-08,10167,2058,1,3587.6,0.0,3587.6
502567,2025-06-08,10200,2035,3,506.04,0.0,1518.12
503728,2025-06-08,10224,2036,3,861.27,0.0,2583.81
500987,2025-06-09,10302,2016,3,2344.51,0.2,5626.82
501113,2025-06-09,10368,2030,1,276.46,0.0,276.46
503090,2025-06-09,10084,2029,5,1516.17,0.0,7580.85
504835,2025-06-09,10372,2004,5,3195.85,0.0,15979.25
502378,2025-06-10,10184,2027,5,1508.58,0.0,7542.9
503077,2025-06-10,10203,2021,4,1215.08,0.2,3888.26
503272,2025-06-10,10280,2024,2,329.59,0.05,626.22
503486,2025-06-10,10081,2048,5,842.22,0.0,4211.1
503826,2025-06-10,10426,2036,2,861.27,0.0,1722.54
500122,2025-06-11,10431,2013,4,379.72,0.0,1518.88
500447,2025-06-11,10145,2015,1,535.35,0.0,535.35
500907,2025-06-11,10370,2009,4,1022.26,0.0,4089.04
500978,2025-06-11,10026,2033,1,501.81,0.0,501.81
501551,2025-06-11,10117,2015,1,535.35,0.05,508.58
502040,2025-06-11,10332,2047,4,2201.3,0.05,8364.94
501749,2025-06-12,10257,2021,1,1215.08,0.05,1154.33
501911,2025-06-12,10400,2058,3,3587.6,0.0,10762.8
502128,2025-06-12,10128,2018,5,1912.96,0.0,9564.8
502766,2025-06-12,10374,2019,1,3291.33,0.0,3291.33
504247,2025-06-12,10436,2045,3,3130.69,0.1,8452.86
501011,2025-06-13,10494,2059,2,457.8,0.05,869.82
503611,2025-06-13,10373,2016,4,2344.51,0.1,8440.24
500747,2025-06-14,10431,2030,5,276.46,0.0,1382.3
500888,2025-06-14,10045,2024,3,329.59,0.15,840.45
501961,2025-06-14,10330,2018,5,1912.96,0.1,8608.32
502804,2025-06-14,10419,2035,5,506.04,0.1,2277.18
503326,2025-06-14,10220,2053,1,5717.05,0.0,5717.05
502803,2025-06-15,10144,2025,4,1010.25,0.0,4041.0
503583,2025-06-15,10100,2039,2,592.66,0.05,1126.05
500495,2025-06-16,10362,2045,2,3130.69,0.15,5322.17
500994,2025-06-16,10365,2037,3,633.21,0.05,1804.65
501877,2025-06-16,10473,2034,5,1653.02,0.0,8265.1
503892,2025-06-16,10097,2037,2,633.21,0.15,1076.46
500477,2025-06-17,10483,2024,1,329.59,0.05,313.11
504503,2025-06-17,10090,2039,2,592.66,0.0,1185.32
504711,2025-06-17,10150,2023,4,1843.08,0.1,6635.09
503319,2025-06-18,10306,2015,2,535.35,0.15,910.1
504922,2025-06-18,10139,2012,2,1148.51,0.0,2297.02
500027,2025-06-19,10477,2048,3,842.22,0.0,2526.66
500722,2025-06-19,10411,2027,5,1508.58,0.1,6788.61
501670,2025-06-19,10208,2007,2,1690.84,0.15,2874.43
501896,2025-06-19,10164,2020,3,353.95,0.1,955.66
502382,2025-06-19,10232,2027,2,1508.58,0.05,2866.3
503815,2025-06-19,10233,2005,2,1163.47,0.1,2094.25
503861,2025-06-19,10141,2037,3,633.21,0.0,1899.63
504201,2025-06-19,10318,2023,3,1843.08,0.0,5529.24
500130,2025-06-20,10179,2006,1,599.64,0.15,509.69
500504,2025-06-20,10307,2036,3,861.27,0.2,2067.05
500974,2025-06-20,10425,2002,5,175.29,0.1,788.8
502081,2025-06-20,10164,2026,2,293.54,0.0,587.08
503734,2025-06-20,10231,2059,4,457.8,0.2,1464.96
503839,2025-06-20,10080,2031,2,635.47,0.0,1270.94
504169,2025-06-20,10421,2050,5,2382.06,0.0,11910.3
504347,2025-06-20,10012,2058,4,3587.6,0.0,14350.4
501402,2025-06-21,10253,2032,1,937.76,0.0,937.76
501732,2025-06-21,10022,2017,5,1145.42,0.0,5727.1
503428,2025-06-21,10306,2028,1,463.82,0.0,463.82
504122,2025-06-21,10450,2044,1,1264.17,0.1,1137.75
500145,2025-06-22,10026,2046,3,425.19,0.15,1084.23
500829,2025-06-22,10030,2010,5,383.48,0.1,1725.66
503543,2025-06-22,10047,2003,4,3232.31,0.1,11636.32
500055,2025-06-23,10187,2015,1,535.35,0.1,481.82
500248,2025-06-23,10129,2011,1,899.65,0.2,719.72
500423,2025-06-23,10381,2051,3,957.15,0.05,2727.88
502202,2025-06-23,10211,2019,4,3291.33,0.15,11190.52
503939,2025-06-23,10149,2017,5,1145.42,0.0,5727.1
500988,2025-06-24,10065,2018,3,1912.96,0.2,4591.1
501147,2025-06-24,10419,2028,3,463.82,0.15,1182.74
501214,2025-06-24,10166,2055,3,4486.03,0.15,11439.38
501916,2025-06-24,10387,2042,2,629.87,0.05,1196.75
502543,2025-06-24,10311,2018,4,1912.96,0.0,7651.84
502829,2025-06-24,10410,2008,2,386.95,0.15,657.82
503450,2025-06-24,10190,2034,5,1653.02,0.15,7025.34
503850,2025-06-24,10321,2033,4,501.81,0.0,2007.24
504129,2025-06-24,10067,2022,1,764.51,0.2,611.61
500626,2025-06-25,10325,2005,5,1163.47,0.05,5526.48
500690,2025-06-25,10355,2048,2,842.22,0.1,1516.0
501185,2025-06-25,10019,2008,5,386.95,0.0,1934.75
502220,2025-06-25,10147,2042,1,629.87,0.0,629.87
504153,2025-06-25,10044,2014,3,1960.94,0.0,5882.82
504467,2025-06-25,10270,2034,4,1653.02,0.2,5289.66
504747,2025-06-25,10074,2047,3,2201.3,0.2,5283.12
500440,2025-06-26,10199,2012,5,1148.51,0.15,4881.17
500779,2025-06-26,10235,2053,4,5717.05,0.05,21724.79
501073,2025-06-26,10104,2005,4,1163.47,0.0,4653.88
501846,2025-06-26,10404,2060,3,927.82,0.05,2644.29
502949,2025-06-26,10034,2007,3,1690.84,0.0,5072.52
503655,2025-06-26,10268,2029,2,1516.17,0.0,3032.34
504574,2025-06-26,10310,2047,2,2201.3,0.0,4402.6
500445,2025-06-27,10087,2046,1,425.19,0.15,361.41
502166,2025-06-27,10230,2056,3,961.43,0.15,2451.65
502922,2025-06-27,10359,2038,1,392.48,0.0,392.48
504035,2025-06-27,10290,2036,4,861.27,0.0,3445.08
504781,2025-06-27,10090,2021,2,1215.08,0.0,2430.16
500214,2025-06-28,10196,2058,3,3587.6,0.0,10762.8
500941,2025-06-28,10319,2060,4,927.82,0.0,3711.28
501240,2025-06-28,10311,2042,1,629.87,0.15,535.39
502910,2025-06-28,10261,2053,1,5717.05,0.0,5717.05
503564,2025-06-28,10485,2007,2,1690.84,0.15,2874.43
500476,2025-06-29,10272,2033,2,501.81,0.15,853.08
500525,2025-06-29,10178,2050,4,2382.06,0.0,9528.24
502414,2025-06-29,10494,2007,3,1690.84,0.0,5072.52
502649,2025-06-29,10359,2057,5,1532.24,0.15,6512.02
502998,2025-06-29,10373,2031,5,635.47,0.2,2541.88
503679,2025-06-29,10218,2038,3,392.48,0.15,1000.82
503683,2025-06-29,10176,2018,3,1912.96,0.0,5738.88
500769,2025-06-30,10253,2013,3,379.72,0.0,1139.16
502419,2025-06-30,10054,2039,3,592.66,0.0,1777.98
502794,2025-06-30,10349,2030,5,276.46,0.0,1382.3
502941,2025-06-30,10034,2004,4,3195.85,0.1,11505.06
503315,2025-06-30,10248,2044,2,1264.17,0.0,2528.34
504881,2025-06-30,10254,2014,1,1960.94,0.0,1960.94
500509,2025-07-01,10431,2037,3,633.21,0.1,1709.67
500571,2025-07-01,10088,2021,3,1215.08,0.0,3645.24
502748,2025-07-01,10476,2008,2,386.95,0.0,773.9
502912,2025-07-01,10215,2031,1,635.47,0.0,635.47
503860,2025-07-01,10469,2043,4,1014.67,0.1,3652.81
502119,2025-07-02,10435,2018,2,1912.96,0.2,3060.74
502304,2025-07-02,10189,2018,5,1912.96,0.0,9564.8
502522,2025-07-02,10499,2052,5,4381.84,0.0,21909.2
502596,2025-07-02,10097,2013,2,379.72,0.0,759.44
503011,2025-07-02,10392,2008,4,386.95,0.0,1547.8
503308,2025-07-02,10414,2010,4,383.48,0.0,1533.92
503770,2025-07-02,10187,2056,5,961.43,0.05,4566.79
504244,2025-07-02,10160,2037,2,633.21,0.0,1266.42
500788,2025-07-03,10419,2011,4,899.65,0.1,3238.74
501484,2025-07-03,10151,2011,4,899.65,0.05,3418.67
502225,2025-07-03,10294,2046,1,425.19,0.0,425.19
502892,2025-07-03,10212,2003,1,3232.31,0.2,2585.85
503167,2025-07-03,10294,2053,4,5717.05,0.1,20581.38
500413,2025-07-04,10102,2035,3,506.04,0.0,1518.12
500421,2025-07-04,10156,2031,3,635.47,0.0,1906.41
503376,2025-07-04,10279,2048,1,842.22,0.05,800.11
504454,2025-07-04,10258,2039,1,592.66,0.05,563.03
504564,2025-07-04,10395,2010,4,383.48,0.0,1533.92
500930,2025-07-05,10093,2029,4,1516.17,0.0,6064.68
502884,2025-07-05,10480,2019,4,3291.33,0.0,13165.32
503453,2025-07-05,10150,2031,2,635.47,0.0,1270.94
503676,2025-07-05,10046,2012,4,1148.51,0.05,4364.34
503721,2025-07-05,10449,2006,3,599.64,0.1,1619.03
504546,2025-07-05,10001,2028,1,463.82,0.0,463.82
500352,2025-07-06,10012,2014,3,1960.94,0.15,5000.4
500412,2025-07-06,10021,2003,5,3232.31,0.05,15353.47
500908,2025-07-06,10346,2031,3,635.47,0.05,1811.09
502285,2025-07-06,10014,2029,3,1516.17,0.05,4321.08
504542,2025-07-06,10346,2021,5,1215.08,0.1,5467.86
504691,2025-07-06,10496,2007,1,1690.84,0.0,1690.84
500767,2025-07-07,10417,2027,3,1508.58,0.05,4299.45
501041,2025-07-07,10408,2041,5,3146.01,0.1,14157.05
502005,2025-07-07,10290,2021,2,1215.08,0.1,2187.14
502157,2025-07-07,10176,2025,5,1010.25,0.0,5051.25
502790,2025-07-07,10273,2060,1,927.82,0.1,835.04
503674,2025-07-07,10475,2011,4,899.65,0.05,3418.67
500023,2025-07-08,10459,2015,2,535.35,0.0,1070.7
500801,2025-07-08,10060,2011,2,899.65,0.2,1439.44
501006,2025-07-08,10375,2042,3,629.87,0.0,1889.61
501368,2025-07-08,10264,2059,2,457.8,0.05,869.82
501548,2025-07-08,10486,2040,4,2622.65,0.0,10490.6
503903,2025-07-08,10117,2044,5,1264.17,0.05,6004.81
503975,2025-07-08,10034,2036,3,861.27,0.0,2583.81
504057,2025-07-08,10106,2047,5,2201.3,0.0,11006.5
500671,2025-07-09,10367,2016,1,2344.51,0.1,2110.06
501346,2025-07-09,10251,2040,4,2622.65,0.0,10490.6
501558,2025-07-09,10425,2003,2,3232.31,0.0,6464.62
502889,2025-07-09,10451,2048,5,842.22,0.05,4000.54
504985,2025-07-09,10370,2034,4,1653.02,0.1,5950.87
500824,2025-07-10,10029,2046,4,425.19,0.0,1700.76
502373,2025-07-10,10382,2036,5,861.27,0.15,3660.4
502830,2025-07-10,10148,2060,4,927.82,0.0,3711.28
503320,2025-07-10,10023,2017,2,1145.42,0.05,2176.3
503793,2025-07-10,10329,2007,4,1690.84,0.0,6763.36
500195,2025-07-11,10491,2038,4,392.48,0.0,1569.92
501685,2025-07-11,10207,2058,5,3587.6,0.0,17938.0
503081,2025-07-11,10259,2030,3,276.46,0.05,787.91
503752,2025-07-11,10248,2053,3,5717.05,0.15,14578.48
500140,2025-07-13,10465,2013,2,379.72,0.15,645.52
501994,2025-07-13,10207,2007,1,1690.84,0.1,1521.76
502206,2025-07-13,10170,2055,1,4486.03,0.0,4486.03
502258,2025-07-13,10300,2027,1,1508.58,0.05,1433.15
502388,2025-07-13,10126,2036,5,861.27,0.05,4091.03
504516,2025-07-13,10162,2024,4,329.59,0.05,1252.44
500215,2025-07-14,10387,2032,2,937.76,0.0,1875.52
500642,2025-07-14,10336,2043,5,1014.67,0.0,5073.35
501282,2025-07-14,10464,2050,4,2382.06,0.05,9051.83
501593,2025-07-14,10365,2023,4,1843.08,0.05,7003.7
502369,2025-07-14,10057,2052,3,4381.84,0.0,13145.52
503298,2025-07-14,10407,2027,5,1508.58,0.05,7165.75
503813,2025-07-14,10465,2013,5,379.72,0.05,1803.67
504632,2025-07-14,10409,2023,3,1843.08,0.1,4976.32
500045,2025-07-15,10192,2026,2,293.54,0.05,557.73
500800,2025-07-15,10437,2028,5,463.82,0.1,2087.19
502383,2025-07-15,10214,2032,1,937.76,0.0,937.76
503344,2025-07-15,10216,2046,5,425.19,0.0,2125.95
503417,2025-07-15,10199,2025,2,1010.25,0.0,2020.5
504616,2025-07-15,10374,2023,1,1843.08,0.0,1843.08
502405,2025-07-16,10219,2046,4,425.19,0.0,1700.76
502634,2025-07-16,10277,2011,2,899.65,0.0,1799.3
503412,2025-07-16,10111,2047,2,2201.3,0.0,4402.6
504198,2025-07-17,10162,2044,5,1264.17,0.0,6320.85
500506,2025-07-18,10018,2031,1,635.47,0.2,508.38
502730,2025-07-18,10264,2015,3,535.35,0.0,1606.05
503138,2025-07-18,10249,2007,2,1690.84,0.0,3381.68
503798,2025-07-18,10305,2052,5,4381.84,0.05,20813.74
503901,2025-07-18,10063,2015,5,535.35,0.0,2676.75
500343,2025-07-19,10111,2031,4,635.47,0.15,2160.6
500710,2025-07-19,10035,2008,3,386.95,0.0,1160.85
501706,2025-07-19,10173,2040,2,2622.65,0.0,5245.3
501717,2025-07-19,10490,2043,2,1014.67,0.0,2029.34
503993,2025-07-19,10064,2035,4,506.04,0.0,2024.16
500393,2025-07-20,10292,2013,2,379.72,0.1,683.5
501134,2025-07-20,10372,2052,4,4381.84,0.0,17527.36
501247,2025-07-20,10164,2020,5,353.95,0.1,1592.78
502016,2025-07-20,10293,2028,2,463.82,0.0,927.64
502284,2025-07-20,10034,2017,1,1145.42,0.1,1030.88
500896,2025-07-21,10095,2029,3,1516.17,0.05,4321.08
501116,2025-07-21,10108,2053,3,5717.05,0.05,16293.59
502001,2025-07-21,10004,2044,3,1264.17,0.05,3602.88
503964,2025-07-21,10483,2001,3,2873.46,0.0,8620.38
503606,2025-07-22,10050,2022,5,764.51,0.0,3822.55
503849,2025-07-22,10146,2032,2,937.76,0.1,1687.97
504857,2025-07-22,10307,2003,4,3232.31,0.1,11636.32
501783,2025-07-23,10082,2006,4,599.64,0.0,2398.56
502267,2025-07-23,10002,2024,4,329.59,0.2,1054.69
504204,2025-07-23,10017,2060,3,927.82,0.15,2365.94
500500,2025-07-24,10224,2055,1,4486.03,0.0,4486.03
501433,2025-07-24,10128,2037,5,633.21,0.0,3166.05
502046,2025-07-24,10448,2021,1,1215.08,0.2,972.06
502700,2025-07-24,10316,2002,1,175.29,0.0,175.29
504349,2025-07-24,10101,2026,3,293.54,0.0,880.62
504831,2025-07-24,10238,2044,2,1264.17,0.0,2528.34
501325,2025-07-25,10488,2041,1,3146.01,0.0,3146.01
503245,2025-07-25,10305,2046,5,425.19,0.0,2125.95
503718,2025-07-25,10093,2023,1,1843.08,0.0,1843.08
501989,2025-07-26,10384,2003,5,3232.31,0.0,16161.55
503040,2025-07-26,10436,2033,3,501.81,0.2,1204.34
503441,2025-07-27,10063,2032,2,937.76,0.0,1875.52
503485,2025-07-27,10437,2046,5,425.19,0.0,2125.95
503713,2025-07-27,10359,2028,4,463.82,0.1,1669.75
504843,2025-07-27,10133,2045,4,3130.69,0.05,11896.62
500231,2025-07-28,10036,2008,1,386.95,0.0,386.95
501125,2025-07-28,10204,2009,2,1022.26,0.0,2044.52
501345,2025-07-28,10473,2042,3,629.87,0.0,1889.61
501839,2025-07-28,10477,2001,4,2873.46,0.05,10919.15
502311,2025-07-28,10048,2041,5,3146.01,0.05,14943.55
502891,2025-07-28,10075,2035,2,506.04,0.15,860.27
504011,2025-07-28,10496,2050,1,2382.06,0.0,2382.06
504061,2025-07-28,10314,2033,4,501.81,0.15,1706.15
504301,2025-07-28,10034,2024,2,329.59,0.0,659.18
500250,2025-07-29,10414,2002,4,175.29,0.0,701.16
500501,2025-07-29,10097,2040,5,2622.65,0.05,12457.59
501427,2025-07-29,10089,2015,4,535.35,0.0,2141.4
502314,2025-07-29,10435,2005,4,1163.47,0.0,4653.88
503030,2025-07-29,10438,2053,2,5717.05,0.1,10290.69
503587,2025-07-29,10131,2048,4,842.22,0.05,3200.44
503642,2025-07-29,10415,2011,3,899.65,0.0,2698.95
500200,2025-07-30,10295,2058,1,3587.6,0.05,3408.22
500563,2025-07-30,10062,2032,1,937.76,0.0,937.76
500665,2025-07-30,10187,2012,4,1148.51,0.1,4134.64
501915,2025-07-30,10017,2004,3,3195.85,0.1,8628.8
504749,2025-07-30,10141,2016,2,2344.51,0.0,4689.02
503447,2025-07-31,10214,2045,2,3130.69,0.0,6261.38
503887,2025-07-31,10396,2010,5,383.48,0.05,1821.53
504329,2025-07-31,10350,2010,3,383.48,0.1,1035.4
504766,2025-07-31,10453,2010,5,383.48,0.0,1917.4
504949,2025-07-31,10382,2051,2,957.15,0.15,1627.16
500517,2025-08-01,10333,2025,5,1010.25,0.05,4798.69
500847,2025-08-01,10500,2029,2,1516.17,0.05,2880.72
502469,2025-08-01,10460,2053,4,5717.05,0.0,22868.2
502585,2025-08-01,10018,2011,2,899.65,0.0,1799.3
500914,2025-08-02,10202,2031,1,635.47,0.1,571.92
502342,2025-08-02,10029,2013,1,379.72,0.2,303.78
503262,2025-08-02,10023,2026,1,293.54,0.05,278.86
503573,2025-08-02,10170,2009,4,1022.26,0.1,3680.14
500124,2025-08-03,10161,2012,1,1148.51,0.0,1148.51
500324,2025-08-03,10406,2039,5,592.66,0.0,2963.3
500772,2025-08-03,10231,2048,4,842.22,0.0,3368.88
500953,2025-08-03,10465,2025,1,1010.25,0.0,1010.25
501040,2025-08-03,10361,2007,3,1690.84,0.0,5072.52
501107,2025-08-03,10270,2024,2,329.59,0.0,659.18
501226,2025-08-03,10109,2005,4,1163.47,0.1,4188.49
501942,2025-08-03,10329,2051,3,957.15,0.05,2727.88
504628,2025-08-03,10306,2055,5,4486.03,0.0,22430.15
500602,2025-08-04,10211,2006,4,599.64,0.2,1918.85
501472,2025-08-04,10102,2047,5,2201.3,0.15,9355.52
501715,2025-08-04,10163,2026,5,293.54,0.1,1320.93
502950,2025-08-04,10227,2004,2,3195.85,0.1,5752.53
503746,2025-08-04,10325,2022,5,764.51,0.0,3822.55
500047,2025-08-05,10186,2060,3,927.82,0.2,2226.77
500064,2025-08-05,10414,2046,4,425.19,0.1,1530.68
501322,2025-08-05,10017,2008,4,386.95,0.1,1393.02
501535,2025-08-05,10305,2030,5,276.46,0.1,1244.07
501726,2025-08-05,10317,2060,1,927.82,0.0,927.82
503008,2025-08-05,10292,2041,5,3146.01,0.0,15730.05
500223,2025-08-06,10146,2042,5,629.87,0.1,2834.42
501195,2025-08-06,10208,2057,1,1532.24,0.0,1532.24
502064,2025-08-06,10228,2015,4,535.35,0.15,1820.19
502240,2025-08-06,10365,2046,4,425.19,0.0,1700.76
502440,2025-08-06,10278,2048,4,842.22,0.1,3031.99
503664,2025-08-06,10445,2033,4,501.81,0.15,1706.15
500345,2025-08-07,10035,2057,1,1532.24,0.1,1379.02
500975,2025-08-07,10037,2060,5,927.82,0.15,3943.24
504054,2025-08-07,10002,2055,2,4486.03,0.15,7626.25
504324,2025-08-07,10411,2020,3,353.95,0.05,1008.76
504665,2025-08-07,10063,2056,4,961.43,0.0,3845.72
500565,2025-08-08,10212,2008,2,386.95,0.0,773.9
501103,2025-08-08,10434,2042,3,629.87,0.1,1700.65
502647,2025-08-08,10249,2039,2,592.66,0.1,1066.79
503122,2025-08-08,10047,2009,3,1022.26,0.0,3066.78
503509,2025-08-08,10463,2023,2,1843.08,0.0,3686.16
504207,2025-08-08,10052,2008,1,386.95,0.0,386.95
504308,2025-08-08,10122,2040,3,2622.65,0.0,7867.95
500371,2025-08-09,10481,2034,5,1653.02,0.0,8265.1
502600,2025-08-09,10473,2055,5,4486.03,0.0,22430.15
503938,2025-08-09,10430,2027,5,1508.58,0.05,7165.75
504070,2025-08-09,10074,2007,2,1690.84,0.0,3381.68
504739,2025-08-09,10123,2027,4,1508.58,0.0,6034.32
504947,2025-08-09,10271,2057,3,1532.24,0.1,4137.05
500186,2025-08-10,10199,2041,3,3146.01,0.05,8966.13
500240,2025-08-10,10195,2017,5,1145.42,0.1,5154.39
504974,2025-08-10,10106,2037,3,633.21,0.0,1899.63
501063,2025-08-11,10301,2015,4,535.35,0.05,2034.33
501351,2025-08-11,10180,2015,1,535.35,0.05,508.58
502049,2025-08-11,10131,2016,5,2344.51,0.1,10550.3
502250,2025-08-11,10219,2049,3,886.43,0.0,2659.29
504288,2025-08-11,10401,2011,5,899.65,0.0,4498.25
500633,2025-08-12,10097,2041,4,3146.01,0.0,12584.04
501672,2025-08-12,10261,2019,5,3291.33,0.05,15633.82
501825,2025-08-12,10028,2059,3,457.8,0.1,1236.06
502141,2025-08-12,10347,2056,4,961.43,0.2,3076.58
502351,2025-08-12,10143,2008,5,386.95,0.0,1934.75
502836,2025-08-12,10204,2039,4,592.66,0.0,2370.64
503237,2025-08-12,10267,2020,1,353.95,0.1,318.56
503284,2025-08-12,10340,2039,3,592.66,0.0,1777.98
503616,2025-08-12,10275,2009,5,1022.26,0.1,4600.17
503952,2025-08-12,10166,2013,5,379.72,0.1,1708.74
504427,2025-08-12,10325,2033,1,501.81,0.15,426.54
500258,2025-08-13,10027,2057,2,1532.24,0.0,3064.48
502441,2025-08-13,10306,2043,5,1014.67,0.15,4312.35
504903,2025-08-13,10377,2020,2,353.95,0.1,637.11
504937,2025-08-13,10137,2045,3,3130.69,0.0,9392.07
501091,2025-08-14,10238,2034,1,1653.02,0.0,1653.02
501132,2025-08-14,10318,2016,1,2344.51,0.0,2344.51
501564,2025-08-14,10209,2025,1,1010.25,0.0,1010.25
501837,2025-08-14,10277,2055,1,4486.03,0.0,4486.03
502509,2025-08-14,10461,2030,5,276.46,0.0,1382.3
503681,2025-08-14,10200,2039,4,592.66,0.0,2370.64
504128,2025-08-14,10150,2054,2,2674.42,0.15,4546.51
500328,2025-08-15,10283,2037,3,633.21,0.05,1804.65
501882,2025-08-15,10137,2013,2,379.72,0.05,721.47
503870,2025-08-15,10226,2038,1,392.48,0.0,392.48
504850,2025-08-15,10468,2026,4,293.54,0.05,1115.45
500374,2025-08-16,10108,2034,3,1653.02,0.1,4463.15
501164,2025-08-16,10085,2054,3,2674.42,0.1,7220.93
501674,2025-08-16,10140,2026,2,293.54,0.1,528.37
501875,2025-08-16,10130,2029,3,1516.17,0.1,4093.66
501948,2025-08-16,10400,2008,3,386.95,0.0,1160.85
502088,2025-08-16,10096,2037,1,633.21,0.05,601.55
502352,2025-08-16,10398,2057,2,1532.24,0.0,3064.48
502867,2025-08-16,10156,2021,2,1215.08,0.05,2308.65
503766,2025-08-16,10123,2007,3,1690.84,0.0,5072.52
504031,2025-08-16,10380,2001,1,2873.46,0.1,2586.11
504443,2025-08-16,10264,2033,4,501.81,0.0,2007.24
504547,2025-08-16,10016,2050,2,2382.06,0.1,4287.71
500078,2025-08-17,10339,2057,1,1532.24,0.0,1532.24
500807,2025-08-17,10375,2007,2,1690.84,0.1,3043.51
503557,2025-08-17,10163,2026,3,293.54,0.1,792.56
504079,2025-08-17,10038,2059,4,457.8,0.0,1831.2
500569,2025-08-18,10093,2056,1,961.43,0.1,865.29
501712,2025-08-18,10392,2006,4,599.64,0.2,1918.85
501750,2025-08-18,10162,2016,1,2344.51,0.05,2227.28
502051,2025-08-18,10061,2051,5,957.15,0.05,4546.46
502466,2025-08-18,10209,2024,1,329.59,0.1,296.63
503761,2025-08-18,10116,2016,1,2344.51,0.15,1992.83
504412,2025-08-18,10343,2003,2,3232.31,0.1,5818.16
500481,2025-08-19,10219,2030,1,276.46,0.0,276.46
501530,2025-08-19,10413,2007,2,1690.84,0.0,3381.68
502354,2025-08-19,10245,2028,4,463.82,0.05,1762.52
503113,2025-08-19,10400,2044,3,1264.17,0.1,3413.26
503418,2025-08-19,10055,2028,4,463.82,0.0,1855.28
500102,2025-08-20,10108,2057,5,1532.24,0.0,7661.2
500986,2025-08-20,10380,2060,3,927.82,0.1,2505.11
501274,2025-08-20,10381,2057,4,1532.24,0.05,5822.51
501396,2025-08-20,10161,2012,2,1148.51,0.1,2067.32
502328,2025-08-20,10145,2026,1,293.54,0.1,264.19
502909,2025-08-20,10350,2022,2,764.51,0.0,1529.02
503520,2025-08-20,10006,2010,4,383.48,0.1,1380.53
504292,2025-08-20,10424,2010,2,383.48,0.0,766.96
504580,2025-08-20,10484,2048,2,842.22,0.15,1431.77
501693,2025-08-21,10383,2003,2,3232.31,0.0,6464.62
502122,2025-08-21,10149,2013,3,379.72,0.0,1139.16
504890,2025-08-21,10335,2004,2,3195.85,0.15,5432.94
503942,2025-08-22,10001,2054,3,2674.42,0.1,7220.93
504488,2025-08-22,10202,2019,5,3291.33,0.0,16456.65
501304,2025-08-23,10482,2057,4,1532.24,0.05,5822.51
501680,2025-08-23,10187,2015,3,535.35,0.1,1445.45
503314,2025-08-23,10325,2042,2,629.87,0.0,1259.74
503725,2025-08-23,10337,2001,3,2873.46,0.2,6896.3
504038,2025-08-23,10078,2052,3,4381.84,0.1,11830.97
500675,2025-08-24,10050,2049,5,886.43,0.1,3988.94
500711,2025-08-24,10212,2004,3,3195.85,0.1,8628.8
501553,2025-08-24,10096,2041,2,3146.01,0.0,6292.02
502129,2025-08-24,10333,2034,1,1653.02,0.0,1653.02
502265,2025-08-24,10197,2052,1,4381.84,0.2,3505.47
502361,2025-08-24,10287,2049,3,886.43,0.2,2127.43
502923,2025-08-24,10414,2003,4,3232.31,0.0,12929.24
503190,2025-08-24,10378,2023,4,1843.08,0.0,7372.32
503945,2025-08-24,10151,2045,4,3130.69,0.2,10018.21
500142,2025-08-25,10050,2006,5,599.64,0.0,2998.2
501172,2025-08-25,10036,2031,4,635.47,0.1,2287.69
501278,2025-08-25,10250,2052,1,4381.84,0.0,4381.84
501538,2025-08-25,10009,2034,4,1653.02,0.0,6612.08
501650,2025-08-25,10058,2008,5,386.95,0.15,1644.54
503066,2025-08-25,10125,2058,3,3587.6,0.15,9148.38
504490,2025-08-25,10078,2034,2,1653.02,0.0,3306.04
500172,2025-08-26,10404,2048,5,842.22,0.0,4211.1
500831,2025-08-26,10002,2013,4,379.72,0.05,1442.94
501069,2025-08-26,10390,2034,1,1653.02,0.15,1405.07
501577,2025-08-26,10262,2060,3,927.82,0.15,2365.94
502204,2025-08-26,10095,2060,1,927.82,0.15,788.65
503116,2025-08-27,10265,2007,3,1690.84,0.1,4565.27
503684,2025-08-27,10372,2015,2,535.35,0.1,963.63
503753,2025-08-27,10231,2053,1,5717.05,0.0,5717.05
504566,2025-08-27,10004,2030,4,276.46,0.15,939.96
500964,2025-08-28,10320,2017,5,1145.42,0.0,5727.1
502921,2025-08-28,10357,2043,1,1014.67,0.15,862.47
503046,2025-08-28,10194,2011,3,899.65,0.0,2698.95
503843,2025-08-28,10111,2025,4,1010.25,0.2,3232.8
504264,2025-08-28,10469,2005,2,1163.47,0.15,1977.9
504966,2025-08-28,10446,2021,5,1215.08,0.1,5467.86
501279,2025-08-29,10042,2046,1,425.19,0.05,403.93
502788,2025-08-29,10414,2031,2,635.47,0.0,1270.94
502792,2025-08-29,10310,2014,5,1960.94,0.0,9804.7
503812,2025-08-29,10159,2058,5,3587.6,0.0,17938.0
503896,2025-08-29,10065,2047,4,2201.3,0.0,8805.2
501246,2025-08-30,10068,2060,3,927.82,0.2,2226.77
501333,2025-08-30,10098,2060,4,927.82,0.0,3711.28
502798,2025-08-30,10062,2021,1,1215.08,0.15,1032.82
504241,2025-08-30,10068,2054,5,2674.42,0.05,12703.5
504592,2025-08-30,10217,2014,2,1960.94,0.1,3529.69
504698,2025-08-30,10419,2056,4,961.43,0.1,3461.15
501043,2025-08-31,10079,2005,2,1163.47,0.05,2210.59
501658,2025-08-31,10077,2046,1,425.19,0.15,361.41
501692,2025-08-31,10198,2034,3,1653.02,0.0,4959.06
504567,2025-08-31,10194,2010,2,383.48,0.2,613.57
500107,2025-09-01,10151,2040,5,2622.65,0.05,12457.59
500220,2025-09-01,10284,2042,5,629.87,0.0,3149.35
500427,2025-09-01,10142,2043,1,1014.67,0.0,1014.67
500472,2025-09-01,10398,2019,1,3291.33,0.0,3291.33
501361,2025-09-01,10320,2043,2,1014.67,0.0,2029.34
501833,2025-09-01,10371,2053,4,5717.05,0.0,22868.2
502073,2025-09-01,10450,2052,5,4381.84,0.1,19718.28
500126,2025-09-02,10181,2052,1,4381.84,0.05,4162.75
500161,2025-09-02,10222,2010,1,383.48,0.0,383.48
500552,2025-09-02,10046,2036,4,861.27,0.1,3100.57
502958,2025-09-02,10053,2028,1,463.82,0.1,417.44
504289,2025-09-02,10276,2028,3,463.82,0.0,1391.46
501797,2025-09-03,10354,2051,2,957.15,0.05,1818.58
504050,2025-09-03,10465,2033,2,501.81,0.1,903.26
504424,2025-09-03,10350,2036,3,861.27,0.1,2325.43
504511,2025-09-03,10076,2014,4,1960.94,0.0,7843.76
504569,2025-09-03,10366,2059,2,457.8,0.15,778.26
504629,2025-09-03,10185,2059,5,457.8,0.0,2289.0
501178,2025-09-04,10067,2048,5,842.22,0.05,4000.54
503251,2025-09-04,10139,2022,4,764.51,0.1,2752.24
501456,2025-09-05,10036,2023,5,1843.08,0.0,9215.4
502781,2025-09-05,10189,2023,1,1843.08,0.05,1750.93
502842,2025-09-05,10206,2034,5,1653.02,0.0,8265.1
503079,2025-09-05,10212,2005,3,1163.47,0.0,3490.41
500237,2025-09-06,10251,2039,4,592.66,0.05,2252.11
500660,2025-09-06,10373,2037,3,633.21,0.0,1899.63
501668,2025-09-06,10221,2008,4,386.95,0.05,1470.41
501865,2025-09-06,10391,2005,4,1163.47,0.0,4653.88
503739,2025-09-06,10395,2009,3,1022.26,0.1,2760.1
503986,2025-09-06,10356,2022,3,764.51,0.05,2178.85
504464,2025-09-06,10067,2007,3,1690.84,0.1,4565.27
504732,2025-09-06,10236,2024,3,329.59,0.0,988.77
504909,2025-09-06,10237,2017,3,1145.42,0.1,3092.63
504939,2025-09-06,10216,2050,1,2382.06,0.0,2382.06
500120,2025-09-07,10068,2027,3,1508.58,0.0,4525.74
501118,2025-09-07,10266,2033,4,501.81,0.0,2007.24
502809,2025-09-07,10177,2052,3,4381.84,0.0,13145.52
503690,2025-09-07,10158,2017,2,1145.42,0.0,2290.84
504121,2025-09-07,10329,2015,5,535.35,0.2,2141.4
504969,2025-09-07,10196,2017,5,1145.42,0.0,5727.1
501292,2025-09-08,10036,2034,3,1653.02,0.0,4959.06
501387,2025-09-08,10225,2006,1,599.64,0.0,599.64
502479,2025-09-08,10426,2007,2,1690.84,0.0,3381.68
504502,2025-09-08,10282,2060,1,927.82,0.15,788.65
500232,2025-09-09,10190,2040,4,2622.65,0.05,9966.07
501198,2025-09-09,10174,2018,2,1912.96,0.15,3252.03
502000,2025-09-09,10485,2053,2,5717.05,0.05,10862.4
503581,2025-09-09,10128,2023,2,1843.08,0.0,3686.16
503902,2025-09-09,10214,2026,4,293.54,0.0,1174.16
500081,2025-09-10,10182,2010,3,383.48,0.05,1092.92
500228,2025-09-10,10161,2010,5,383.48,0.15,1629.79
501677,2025-09-10,10343,2038,3,392.48,0.05,1118.57
501901,2025-09-10,10113,2022,5,764.51,0.1,3440.3
502824,2025-09-10,10447,2046,5,425.19,0.05,2019.65
500123,2025-09-11,10091,2028,1,463.82,0.0,463.82
501382,2025-09-11,10152,2018,4,1912.96,0.05,7269.25
502329,2025-09-11,10004,2017,2,1145.42,0.0,2290.84
503258,2025-09-11,10092,2012,5,1148.51,0.2,4594.04
501657,2025-09-12,10136,2024,2,329.59,0.05,626.22
503891,2025-09-12,10342,2053,1,5717.05,0.1,5145.34
500890,2025-09-13,10198,2060,1,927.82,0.1,835.04
504181,2025-09-13,10470,2049,5,886.43,0.05,4210.54
504633,2025-09-13,10116,2046,1,425.19,0.0,425.19
500074,2025-09-14,10158,2044,3,1264.17,0.15,3223.63
501307,2025-09-14,10295,2053,4,5717.05,0.15,19437.97
501412,2025-09-14,10166,2055,5,4486.03,0.0,22430.15
501632,2025-09-14,10377,2022,5,764.51,0.05,3631.42
502245,2025-09-14,10106,2026,1,293.54,0.0,293.54
502608,2025-09-14,10170,2010,4,383.48,0.2,1227.14
503968,2025-09-14,10358,2008,2,386.95,0.0,773.9
504398,2025-09-14,10228,2043,3,1014.67,0.1,2739.61
500971,2025-09-15,10308,2002,4,175.29,0.15,595.99
501922,2025-09-15,10448,2013,3,379.72,0.1,1025.24
502460,2025-09-15,10466,2014,2,1960.94,0.0,3921.88
503830,2025-09-15,10233,2035,1,506.04,0.1,455.44
504131,2025-09-15,10442,2031,2,635.47,0.1,1143.85
504468,2025-09-15,10028,2017,2,1145.42,0.0,2290.84
504953,2025-09-15,10252,2033,1,501.81,0.2,401.45
500619,2025-09-16,10142,2029,2,1516.17,0.1,2729.11
500926,2025-09-16,10235,2003,2,3232.31,0.2,5171.7
501575,2025-09-16,10092,2022,5,764.51,0.1,3440.3
501699,2025-09-16,10103,2060,5,927.82,0.05,4407.15
502452,2025-09-16,10124,2035,1,506.04,0.0,506.04
504149,2025-09-16,10338,2012,1,1148.51,0.1,1033.66
501524,2025-09-17,10228,2019,3,3291.33,0.05,9380.29
501818,2025-09-17,10359,2039,1,592.66,0.1,533.39
501912,2025-09-17,10266,2004,4,3195.85,0.1,11505.06
501971,2025-09-17,10093,2007,1,1690.84,0.1,1521.76
503121,2025-09-17,10495,2017,3,1145.42,0.1,3092.63
504524,2025-09-17,10094,2036,2,861.27,0.0,1722.54
504688,2025-09-17,10191,2053,3,5717.05,0.0,17151.15
500441,2025-09-18,10397,2026,5,293.54,0.05,1394.32
500778,2025-09-18,10239,2055,4,4486.03,0.0,17944.12
501666,2025-09-18,10070,2053,1,5717.05,0.15,4859.49
501893,2025-09-18,10491,2017,5,1145.42,0.05,5440.74
501962,2025-09-18,10225,2042,3,629.87,0.15,1606.17
501983,2025-09-18,10234,2027,2,1508.58,0.2,2413.73
502059,2025-09-18,10357,2005,2,1163.47,0.1,2094.25
502425,2025-09-18,10423,2029,1,1516.17,0.15,1288.74
502657,2025-09-18,10029,2051,4,957.15,0.0,3828.6
502717,2025-09-18,10165,2034,1,1653.02,0.15,1405.07
502772,2025-09-18,10199,2031,5,635.47,0.2,2541.88
503054,2025-09-18,10447,2004,1,3195.85,0.0,3195.85
500965,2025-09-19,10217,2032,2,937.76,0.15,1594.19
503084,2025-09-19,10404,2034,5,1653.02,0.0,8265.1
504565,2025-09-19,10175,2060,3,927.82,0.0,2783.46
504818,2025-09-19,10390,2021,3,1215.08,0.05,3462.98
500446,2025-09-20,10485,2043,1,1014.67,0.2,811.74
500938,2025-09-20,10454,2027,5,1508.58,0.0,7542.9
501477,2025-09-20,10099,2018,1,1912.96,0.05,1817.31
503823,2025-09-20,10085,2037,4,633.21,0.0,2532.84
504821,2025-09-20,10223,2042,1,629.87,0.15,535.39
500070,2025-09-21,10136,2052,2,4381.84,0.05,8325.5
500911,2025-09-21,10083,2021,3,1215.08,0.1,3280.72
501794,2025-09-21,10489,2050,2,2382.06,0.15,4049.5
502526,2025-09-21,10102,2036,4,861.27,0.0,3445.08
503599,2025-09-21,10306,2040,2,2622.65,0.05,4983.04
502232,2025-09-22,10020,2011,5,899.65,0.05,4273.34
502499,2025-09-22,10132,2022,5,764.51,0.15,3249.17
502976,2025-09-22,10036,2045,2,3130.69,0.05,5948.31
503835,2025-09-22,10161,2003,5,3232.31,0.05,15353.47
504002,2025-09-22,10469,2053,2,5717.05,0.0,11434.1
500387,2025-09-23,10113,2050,2,2382.06,0.0,4764.12
501115,2025-09-23,10149,2049,5,886.43,0.0,4432.15
501379,2025-09-23,10335,2043,4,1014.67,0.1,3652.81
501940,2025-09-23,10047,2028,4,463.82,0.1,1669.75
502145,2025-09-23,10009,2002,2,175.29,0.0,350.58
502925,2025-09-23,10496,2034,1,1653.02,0.0,1653.02
503748,2025-09-23,10392,2011,4,899.65,0.15,3058.81
503863,2025-09-23,10341,2028,4,463.82,0.0,1855.28
504067,2025-09-23,10488,2058,5,3587.6,0.15,15247.3
504165,2025-09-23,10149,2021,4,1215.08,0.0,4860.32
504556,2025-09-23,10452,2005,5,1163.47,0.0,5817.35
500655,2025-09-24,10245,2048,2,842.22,0.1,1516.0
501926,2025-09-24,10384,2029,4,1516.17,0.0,6064.68
502454,2025-09-24,10278,2053,5,5717.05,0.2,22868.2
502852,2025-09-24,10073,2028,5,463.82,0.0,2319.1
503787,2025-09-24,10270,2021,2,1215.08,0.0,2430.16
504243,2025-09-24,10238,2048,1,842.22,0.0,842.22
504745,2025-09-24,10141,2004,2,3195.85,0.05,6072.12
502395,2025-09-25,10106,2035,5,506.04,0.2,2024.16
504370,2025-09-25,10158,2041,3,3146.01,0.0,9438.03
501832,2025-09-26,10172,2059,2,457.8,0.1,824.04
503585,2025-09-26,10127,2037,3,633.21,0.1,1709.67
504392,2025-09-26,10213,2029,3,1516.17,0.0,4548.51
500170,2025-09-27,10289,2004,3,3195.85,0.2,7670.04
500828,2025-09-27,10202,2012,5,1148.51,0.0,5742.55
502147,2025-09-27,10145,2012,2,1148.51,0.1,2067.32
502505,2025-09-27,10440,2040,4,2622.65,0.0,10490.6
502621,2025-09-27,10451,2028,1,463.82,0.05,440.63
503102,2025-09-27,10002,2049,4,886.43,0.05,3368.43
503421,2025-09-27,10097,2013,1,379.72,0.0,379.72
503586,2025-09-27,10065,2057,3,1532.24,0.0,4596.72
504262,2025-09-27,10467,2031,5,635.47,0.05,3018.48
501808,2025-09-28,10091,2059,2,457.8,0.0,915.6
502044,2025-09-28,10469,2027,2,1508.58,0.0,3017.16
501244,2025-09-29,10312,2043,4,1014.67,0.0,4058.68
501434,2025-09-29,10328,2011,5,899.65,0.15,3823.51
501566,2025-09-29,10286,2020,3,353.95,0.1,955.66
501653,2025-09-29,10345,2048,5,842.22,0.05,4000.54
502305,2025-09-29,10157,2003,3,3232.31,0.1,8727.24
503409,2025-09-29,10235,2017,1,1145.42,0.0,1145.42
500296,2025-09-30,10283,2020,3,353.95,0.0,1061.85
501421,2025-10-01,10029,2033,2,501.81,0.2,802.9
502070,2025-10-01,10462,2035,5,506.04,0.0,2530.2
502738,2025-10-01,10160,2010,1,383.48,0.05,364.31
503893,2025-10-01,10138,2021,3,1215.08,0.1,3280.72
502698,2025-10-02,10415,2036,2,861.27,0.0,1722.54
502769,2025-10-02,10339,2013,1,379.72,0.1,341.75
503257,2025-10-02,10399,2058,2,3587.6,0.15,6098.92
503482,2025-10-02,10500,2024,4,329.59,0.1,1186.52
503544,2025-10-02,10389,2035,4,506.04,0.1,1821.74
504489,2025-10-02,10173,2019,1,3291.33,0.05,3126.76
504642,2025-10-02,10208,2028,1,463.82,0.0,463.82
504961,2025-10-02,10111,2010,2,383.48,0.0,766.96
502837,2025-10-03,10469,2037,3,633.21,0.2,1519.7
503387,2025-10-03,10217,2036,5,861.27,0.0,4306.35
504096,2025-10-03,10098,2020,1,353.95,0.0,353.95
504125,2025-10-03,10357,2052,1,4381.84,0.1,3943.66
500174,2025-10-04,10086,2031,1,635.47,0.05,603.7
501076,2025-10-04,10304,2005,5,1163.47,0.05,5526.48
503047,2025-10-04,10366,2018,5,1912.96,0.05,9086.56
504065,2025-10-04,10486,2020,4,353.95,0.15,1203.43
502035,2025-10-05,10255,2011,3,899.65,0.05,2564.0
502231,2025-10-05,10348,2014,4,1960.94,0.1,7059.38
503504,2025-10-05,10104,2027,3,1508.58,0.1,4073.17
504799,2025-10-05,10078,2007,1,1690.84,0.1,1521.76
501572,2025-10-06,10038,2010,3,383.48,0.2,920.35
501695,2025-10-06,10003,2059,1,457.8,0.1,412.02
504388,2025-10-06,10082,2010,3,383.48,0.15,977.87
504861,2025-10-06,10179,2037,2,633.21,0.0,1266.42
500035,2025-10-07,10237,2036,4,861.27,0.0,3445.08
500087,2025-10-07,10387,2009,1,1022.26,0.1,920.03
501533,2025-10-07,10218,2042,5,629.87,0.0,3149.35
501759,2025-10-07,10104,2023,2,1843.08,0.15,3133.24
501774,2025-10-07,10252,2046,4,425.19,0.0,1700.76
501965,2025-10-07,10486,2025,1,1010.25,0.1,909.22
502359,2025-10-07,10201,2034,2,1653.02,0.05,3140.74
500295,2025-10-08,10426,2008,4,386.95,0.0,1547.8
501562,2025-10-08,10308,2026,2,293.54,0.0,587.08
502827,2025-10-08,10432,2028,1,463.82,0.05,440.63
503840,2025-10-08,10085,2029,5,1516.17,0.0,7580.85
500490,2025-10-09,10181,2013,1,379.72,0.0,379.72
500713,2025-10-09,10121,2040,3,2622.65,0.05,7474.55
502980,2025-10-09,10234,2020,3,353.95,0.2,849.48
503052,2025-10-09,10235,2002,3,175.29,0.0,525.87
503819,2025-10-09,10400,2057,2,1532.24,0.0,3064.48
504253,2025-10-09,10462,2053,3,5717.05,0.05,16293.59
501199,2025-10-10,10084,2036,3,861.27,0.0,2583.81
501899,2025-10-10,10303,2011,3,899.65,0.0,2698.95
503005,2025-10-10,10137,2036,3,861.27,0.15,2196.24
503549,2025-10-10,10398,2058,4,3587.6,0.15,12197.84
504671,2025-10-10,10446,2044,1,1264.17,0.1,1137.75
504790,2025-10-10,10162,2049,5,886.43,0.0,4432.15
504883,2025-10-10,10123,2031,1,635.47,0.1,571.92
500268,2025-10-11,10003,2004,1,3195.85,0.1,2876.26
501457,2025-10-11,10226,2023,5,1843.08,0.1,8293.86
501943,2025-10-11,10067,2034,1,1653.02,0.15,1405.07
502688,2025-10-11,10314,2038,1,392.48,0.1,353.23
503149,2025-10-11,10284,2027,5,1508.58,0.0,7542.9
503197,2025-10-11,10051,2045,4,3130.69,0.1,11270.48
503358,2025-10-11,10374,2022,5,764.51,0.05,3631.42
503366,2025-10-11,10159,2009,1,1022.26,0.1,920.03
503781,2025-10-11,10159,2004,1,3195.85,0.1,2876.26
504333,2025-10-11,10415,2043,2,1014.67,0.2,1623.47
500096,2025-10-12,10239,2015,2,535.35,0.0,1070.7
500487,2025-10-12,10432,2017,3,1145.42,0.05,3264.45
504689,2025-10-12,10400,2008,2,386.95,0.1,696.51
501652,2025-10-13,10443,2024,3,329.59,0.15,840.45
502492,2025-10-13,10363,2021,1,1215.08,0.1,1093.57
502984,2025-10-13,10224,2038,1,392.48,0.0,392.48
501429,2025-10-14,10489,2003,2,3232.31,0.15,5494.93
502399,2025-10-14,10226,2054,3,2674.42,0.0,8023.26
502559,2025-10-14,10423,2041,2,3146.01,0.1,5662.82
502695,2025-10-14,10025,2026,4,293.54,0.0,1174.16
503252,2025-10-14,10123,2038,4,392.48,0.05,1491.42
503632,2025-10-14,10237,2016,2,2344.51,0.05,4454.57
503692,2025-10-14,10071,2055,3,4486.03,0.0,13458.09
503743,2025-10-14,10244,2059,2,457.8,0.05,869.82
504080,2025-10-14,10166,2007,5,1690.84,0.0,8454.2
501752,2025-10-15,10240,2045,2,3130.69,0.1,5635.24
502110,2025-10-15,10375,2055,4,4486.03,0.0,17944.12
502461,2025-10-15,10270,2048,5,842.22,0.0,4211.1
503562,2025-10-15,10399,2042,1,629.87,0.0,629.87
504021,2025-10-15,10146,2016,1,2344.51,0.05,2227.28
500462,2025-10-16,10416,2031,1,635.47,0.2,508.38
501261,2025-10-16,10499,2002,4,175.29,0.15,595.99
501604,2025-10-16,10190,2039,5,592.66,0.2,2370.64
501821,2025-10-16,10327,2052,2,4381.84,0.0,8763.68
502169,2025-10-16,10222,2010,4,383.48,0.1,1380.53
502913,2025-10-16,10121,2032,4,937.76,0.15,3188.38
503068,2025-10-16,10070,2055,2,4486.03,0.0,8972.06
503759,2025-10-16,10253,2018,3,1912.96,0.05,5451.94
504186,2025-10-16,10321,2015,5,535.35,0.15,2275.24
501423,2025-10-17,10053,2008,3,386.95,0.2,928.68
501443,2025-10-17,10403,2047,4,2201.3,0.0,8805.2
503114,2025-10-17,10091,2012,4,1148.51,0.0,4594.04
504377,2025-10-17,10200,2008,3,386.95,0.0,1160.85
500113,2025-10-18,10208,2014,4,1960.94,0.0,7843.76
500646,2025-10-18,10186,2052,3,4381.84,0.05,12488.24
501612,2025-10-18,10464,2017,4,1145.42,0.1,4123.51
502244,2025-10-18,10379,2013,4,379.72,0.0,1518.88
503085,2025-10-18,10126,2053,2,5717.05,0.2,9147.28
503395,2025-10-18,10073,2045,1,3130.69,0.05,2974.16
504907,2025-10-18,10387,2018,5,1912.96,0.05,9086.56
500225,2025-10-19,10176,2001,5,2873.46,0.2,11493.84
500285,2025-10-19,10227,2007,4,1690.84,0.0,6763.36
500292,2025-10-19,10440,2033,1,501.81,0.0,501.81
502795,2025-10-19,10401,2029,4,1516.17,0.0,6064.68
503463,2025-10-19,10437,2007,1,1690.84,0.15,1437.21
504410,2025-10-19,10102,2030,1,276.46,0.15,234.99
501133,2025-10-20,10186,2028,2,463.82,0.1,834.88
502473,2025-10-20,10195,2023,3,1843.08,0.0,5529.24
503188,2025-10-20,10025,2052,5,4381.84,0.1,19718.28
504463,2025-10-20,10499,2035,1,506.04,0.0,506.04
501181,2025-10-21,10368,2031,1,635.47,0.0,635.47
503086,2025-10-21,10178,2006,1,599.64,0.0,599.64
503958,2025-10-21,10459,2008,2,386.95,0.1,696.51
500955,2025-10-22,10202,2003,4,3232.31,0.1,11636.32
501422,2025-10-22,10114,2013,4,379.72,0.1,1366.99
502041,2025-10-22,10190,2029,1,1516.17,0.0,1516.17
503231,2025-10-22,10041,2060,1,927.82,0.15,788.65
503327,2025-10-22,10380,2043,3,1014.67,0.0,3044.01
503750,2025-10-22,10308,2040,5,2622.65,0.05,12457.59
504025,2025-10-22,10123,2015,1,535.35,0.0,535.35
500086,2025-10-23,10448,2052,3,4381.84,0.05,12488.24
502249,2025-10-23,10437,2029,2,1516.17,0.15,2577.49
503829,2025-10-23,10065,2055,3,4486.03,0.15,11439.38
501667,2025-10-24,10105,2059,2,457.8,0.05,869.82
503247,2025-10-24,10226,2032,4,937.76,0.0,3751.04
503304,2025-10-24,10226,2045,4,3130.69,0.0,12522.76
503370,2025-10-24,10208,2054,4,2674.42,0.1,9627.91
503685,2025-10-24,10297,2013,2,379.72,0.2,607.55
503846,2025-10-24,10480,2054,4,2674.42,0.0,10697.68
504428,2025-10-24,10015,2051,4,957.15,0.0,3828.6
504609,2025-10-24,10274,2038,2,392.48,0.05,745.71
504677,2025-10-24,10036,2031,5,635.47,0.0,3177.35
504996,2025-10-24,10286,2022,4,764.51,0.2,2446.43
500878,2025-10-25,10498,2020,2,353.95,0.1,637.11
504449,2025-10-25,10025,2050,4,2382.06,0.05,9051.83
504545,2025-10-25,10320,2031,5,635.47,0.05,3018.48
501536,2025-10-26,10465,2030,4,276.46,0.05,1050.55
501599,2025-10-26,10049,2026,1,293.54,0.0,293.54
502346,2025-10-26,10118,2049,5,886.43,0.1,3988.94
503411,2025-10-26,10166,2004,4,3195.85,0.05,12144.23
504496,2025-10-26,10440,2050,2,2382.06,0.0,4764.12
500712,2025-10-27,10241,2024,1,329.59,0.15,280.15
502765,2025-10-27,10058,2055,1,4486.03,0.0,4486.03
504341,2025-10-27,10446,2041,4,3146.01,0.15,10696.43
504815,2025-10-27,10058,2007,2,1690.84,0.05,3212.6
504994,2025-10-27,10162,2043,4,1014.67,0.0,4058.68
500135,2025-10-28,10210,2052,4,4381.84,0.2,14021.89
501907,2025-10-28,10176,2033,5,501.81,0.05,2383.6
502849,2025-10-28,10246,2045,3,3130.69,0.1,8452.86
503448,2025-10-28,10499,2009,4,1022.26,0.1,3680.14
504029,2025-10-28,10109,2010,5,383.48,0.0,1917.4
504232,2025-10-28,10484,2038,3,392.48,0.0,1177.44
504387,2025-10-28,10007,2029,5,1516.17,0.1,6822.76
500024,2025-10-29,10197,2037,1,633.21,0.0,633.21
500377,2025-10-29,10288,2010,2,383.48,0.1,690.26
501194,2025-10-29,10357,2025,2,1010.25,0.0,2020.5
502205,2025-10-29,10449,2056,4,961.43,0.15,3268.86
502364,2025-10-29,10026,2054,4,2674.42,0.0,10697.68
503656,2025-10-29,10056,2025,5,1010.25,0.05,4798.69
503838,2025-10-29,10129,2035,3,506.04,0.0,1518.12
501284,2025-10-30,10246,2034,5,1653.02,0.2,6612.08
501504,2025-10-30,10306,2055,4,4486.03,0.0,17944.12
501751,2025-10-30,10002,2010,1,383.48,0.0,383.48
502412,2025-10-30,10382,2051,4,957.15,0.0,3828.6
500444,2025-10-31,10032,2049,2,886.43,0.0,1772.86
500704,2025-10-31,10064,2022,5,764.51,0.15,3249.17
500784,2025-10-31,10285,2039,3,592.66,0.0,1777.98
500805,2025-10-31,10065,2018,4,1912.96,0.1,6886.66
502060,2025-10-31,10053,2021,4,1215.08,0.0,4860.32
503059,2025-10-31,10280,2045,2,3130.69,0.0,6261.38
503093,2025-10-31,10422,2057,5,1532.24,0.0,7661.2
504676,2025-10-31,10087,2050,1,2382.06,0.05,2262.96
500407,2025-11-01,10185,2053,3,5717.05,0.0,17151.15
501425,2025-11-01,10493,2016,5,2344.51,0.1,10550.3
502375,2025-11-01,10414,2024,5,329.59,0.0,1647.95
504713,2025-11-01,10304,2028,5,463.82,0.1,2087.19
500266,2025-11-02,10290,2034,5,1653.02,0.1,7438.59
500518,2025-11-02,10469,2030,5,276.46,0.0,1382.3
501157,2025-11-02,10085,2031,2,635.47,0.0,1270.94
501170,2025-11-02,10061,2042,2,629.87,0.0,1259.74
503553,2025-11-02,10345,2011,2,899.65,0.0,1799.3
500249,2025-11-03,10264,2017,2,1145.42,0.0,2290.84
501765,2025-11-03,10395,2001,1,2873.46,0.05,2729.79
502735,2025-11-03,10223,2049,2,886.43,0.2,1418.29
503974,2025-11-03,10049,2016,4,2344.51,0.1,8440.24
500402,2025-11-04,10216,2044,4,1264.17,0.0,5056.68
501485,2025-11-04,10461,2031,3,635.47,0.0,1906.41
503806,2025-11-04,10330,2020,1,353.95,0.1,318.56
504108,2025-11-04,10050,2054,4,2674.42,0.1,9627.91
504136,2025-11-04,10401,2058,1,3587.6,0.0,3587.6
504277,2025-11-04,10049,2021,4,1215.08,0.0,4860.32
504842,2025-11-04,10144,2034,3,1653.02,0.15,4215.2
500418,2025-11-05,10452,2056,5,961.43,0.0,4807.15
501435,2025-11-05,10446,2027,3,1508.58,0.0,4525.74
502903,2025-11-05,10295,2056,3,961.43,0.0,2884.29
502915,2025-11-05,10308,2015,4,535.35,0.0,2141.4
503669,2025-11-05,10265,2022,2,764.51,0.15,1299.67
504320,2025-11-05,10261,2012,4,1148.51,0.05,4364.34
504533,2025-11-05,10011,2011,1,899.65,0.05,854.67
504584,2025-11-05,10224,2003,5,3232.31,0.0,16161.55
500576,2025-11-06,10115,2010,4,383.48,0.0,1533.92
501763,2025-11-06,10493,2060,5,927.82,0.2,3711.28
504806,2025-11-06,10201,2035,3,506.04,0.15,1290.4
504856,2025-11-06,10124,2008,4,386.95,0.05,1470.41
500860,2025-11-07,10217,2032,1,937.76,0.0,937.76
501263,2025-11-07,10166,2053,4,5717.05,0.1,20581.38
501460,2025-11-07,10447,2010,2,383.48,0.0,766.96
502877,2025-11-07,10280,2057,1,1532.24,0.0,1532.24
503867,2025-11-07,10298,2056,1,961.43,0.15,817.22
504941,2025-11-07,10382,2046,2,425.19,0.05,807.86
500139,2025-11-08,10017,2035,2,506.04,0.1,910.87
500179,2025-11-08,10266,2018,1,1912.96,0.0,1912.96
501205,2025-11-08,10391,2008,3,386.95,0.0,1160.85
501208,2025-11-08,10077,2008,1,386.95,0.1,348.26
501516,2025-11-08,10302,2015,3,535.35,0.15,1365.14
502392,2025-11-08,10075,2034,1,1653.02,0.0,1653.02
503639,2025-11-08,10377,2034,4,1653.02,0.05,6281.48
503742,2025-11-08,10444,2018,2,1912.96,0.0,3825.92
504641,2025-11-08,10451,2031,5,635.47,0.0,3177.35
501129,2025-11-09,10222,2032,5,937.76,0.05,4454.36
501500,2025-11-09,10220,2002,5,175.29,0.1,788.8
503017,2025-11-09,10086,2028,4,463.82,0.1,1669.75
503243,2025-11-09,10005,2005,4,1163.47,0.1,4188.49
503375,2025-11-09,10326,2024,5,329.59,0.15,1400.76
501607,2025-11-10,10393,2043,2,1014.67,0.15,1724.94
502032,2025-11-10,10408,2041,5,3146.01,0.05,14943.55
502985,2025-11-10,10143,2043,4,1014.67,0.1,3652.81
503526,2025-11-10,10408,2050,4,2382.06,0.1,8575.42
504586,2025-11-10,10277,2033,3,501.81,0.05,1430.16
504761,2025-11-10,10261,2045,5,3130.69,0.1,14088.11
504804,2025-11-10,10397,2002,2,175.29,0.0,350.58
500608,2025-11-11,10114,2015,4,535.35,0.05,2034.33
500682,2025-11-11,10146,2014,5,1960.94,0.05,9314.46
500968,2025-11-11,10106,2024,5,329.59,0.05,1565.55
502799,2025-11-11,10069,2055,5,4486.03,0.1,20187.13
503339,2025-11-11,10360,2046,1,425.19,0.05,403.93
503740,2025-11-11,10125,2028,4,463.82,0.0,1855.28
504528,2025-11-11,10183,2049,3,886.43,0.15,2260.4
504661,2025-11-11,10260,2024,2,329.59,0.0,659.18
504769,2025-11-11,10147,2050,3,2382.06,0.15,6074.25
504358,2025-11-12,10339,2034,5,1653.02,0.1,7438.59
500212,2025-11-13,10467,2056,3,961.43,0.1,2595.86
500264,2025-11-13,10462,2009,5,1022.26,0.1,4600.17
501534,2025-11-13,10101,2023,4,1843.08,0.05,7003.7
500263,2025-11-14,10052,2051,2,957.15,0.0,1914.3
501624,2025-11-14,10338,2052,2,4381.84,0.05,8325.5
500498,2025-11-15,10390,2009,3,1022.26,0.05,2913.44
502544,2025-11-15,10361,2045,2,3130.69,0.05,5948.31
500526,2025-11-16,10077,2012,5,1148.51,0.15,4881.17
500810,2025-11-16,10304,2033,3,501.81,0.15,1279.62
502067,2025-11-16,10129,2027,5,1508.58,0.05,7165.75
502181,2025-11-16,10300,2003,2,3232.31,0.0,6464.62
502371,2025-11-16,10460,2055,1,4486.03,0.0,4486.03
502381,2025-11-16,10133,2021,3,1215.08,0.0,3645.24
501406,2025-11-17,10205,2014,2,1960.94,0.1,3529.69
501493,2025-11-17,10053,2033,2,501.81,0.15,853.08
501520,2025-11-17,10022,2019,2,3291.33,0.1,5924.39
502692,2025-11-17,10076,2037,2,633.21,0.05,1203.1
503622,2025-11-17,10396,2019,3,3291.33,0.05,9380.29
504158,2025-11-17,10283,2015,4,535.35,0.0,2141.4
504678,2025-11-17,10272,2045,3,3130.69,0.0,9392.07
500535,2025-11-18,10131,2045,3,3130.69,0.0,9392.07
501146,2025-11-18,10445,2012,4,1148.51,0.0,4594.04
501603,2025-11-18,10329,2054,1,2674.42,0.05,2540.7
502184,2025-11-18,10307,2024,5,329.59,0.0,1647.95
504606,2025-11-18,10420,2050,5,2382.06,0.1,10719.27
504071,2025-11-19,10427,2025,1,1010.25,0.15,858.71
504748,2025-11-19,10260,2014,4,1960.94,0.05,7451.57
504853,2025-11-19,10251,2015,5,535.35,0.0,2676.75
500644,2025-11-20,10481,2022,2,764.51,0.1,1376.12
501727,2025-11-20,10135,2042,3,629.87,0.1,1700.65
502705,2025-11-20,10258,2005,2,1163.47,0.0,2326.94
504912,2025-11-20,10031,2015,3,535.35,0.1,1445.45
500686,2025-11-21,10442,2019,1,3291.33,0.0,3291.33
500797,2025-11-21,10386,2004,3,3195.85,0.05,9108.17
501876,2025-11-21,10020,2033,4,501.81,0.15,1706.15
502584,2025-11-21,10433,2005,5,1163.47,0.0,5817.35
502834,2025-11-21,10045,2042,2,629.87,0.0,1259.74
503154,2025-11-21,10435,2037,1,633.21,0.05,601.55
504673,2025-11-21,10459,2060,4,927.82,0.1,3340.15
500128,2025-11-22,10028,2031,4,635.47,0.1,2287.69
500669,2025-11-22,10113,2026,2,293.54,0.1,528.37
501898,2025-11-22,10045,2012,5,1148.51,0.05,5455.42
502453,2025-11-22,10264,2021,1,1215.08,0.0,1215.08
502613,2025-11-22,10419,2037,2,633.21,0.0,1266.42
503455,2025-11-22,10297,2010,5,383.48,0.15,1629.79
504068,2025-11-22,10296,2042,4,629.87,0.0,2519.48
504222,2025-11-22,10177,2050,4,2382.06,0.1,8575.42
501440,2025-11-23,10028,2047,5,2201.3,0.0,11006.5
504660,2025-11-23,10140,2052,5,4381.84,0.0,21909.2
502715,2025-11-25,10072,2047,2,2201.3,0.15,3742.21
502796,2025-11-25,10430,2009,1,1022.26,0.0,1022.26
503343,2025-11-25,10139,2025,4,1010.25,0.0,4041.0
503777,2025-11-25,10072,2045,5,3130.69,0.0,15653.45
504899,2025-11-25,10072,2003,5,3232.31,0.15,13737.32
501192,2025-11-26,10262,2003,2,3232.31,0.15,5494.93
502679,2025-11-26,10498,2058,4,3587.6,0.0,14350.4
503464,2025-11-26,10075,2047,1,2201.3,0.0,2201.3
503909,2025-11-26,10138,2052,5,4381.84,0.05,20813.74
504236,2025-11-26,10249,2055,2,4486.03,0.2,7177.65
501503,2025-11-27,10124,2049,3,886.43,0.0,2659.29
503634,2025-11-27,10328,2058,1,3587.6,0.05,3408.22
504242,2025-11-27,10472,2025,4,1010.25,0.15,3434.85
504298,2025-11-27,10254,2032,5,937.76,0.05,4454.36
504521,2025-11-27,10158,2014,4,1960.94,0.15,6667.2
504666,2025-11-27,10494,2001,3,2873.46,0.15,7327.32
504742,2025-11-27,10432,2026,4,293.54,0.1,1056.74
500243,2025-11-28,10391,2017,5,1145.42,0.0,5727.1
500782,2025-11-28,10204,2024,4,329.59,0.0,1318.36
504211,2025-11-28,10420,2006,4,599.64,0.1,2158.7
504554,2025-11-28,10469,2033,5,501.81,0.1,2258.15
504623,2025-11-28,10497,2029,3,1516.17,0.2,3638.81
504930,2025-11-28,10026,2037,2,633.21,0.0,1266.42
500326,2025-11-29,10241,2040,5,2622.65,0.1,11801.92
501026,2025-11-29,10124,2034,5,1653.02,0.0,8265.1
501276,2025-11-29,10237,2048,1,842.22,0.05,800.11
501924,2025-11-29,10218,2001,4,2873.46,0.1,10344.46
501996,2025-11-29,10412,2008,5,386.95,0.05,1838.01
502008,2025-11-29,10072,2045,2,3130.69,0.15,5322.17
503914,2025-11-29,10422,2016,3,2344.51,0.0,7033.53
504180,2025-11-29,10071,2045,2,3130.69,0.05,5948.31
504897,2025-11-29,10458,2057,2,1532.24,0.0,3064.48
500206,2025-11-30,10216,2056,2,961.43,0.0,1922.86
501159,2025-11-30,10340,2056,5,961.43,0.15,4086.08
501842,2025-11-30,10374,2038,2,392.48,0.1,706.46
501928,2025-11-30,10404,2003,1,3232.31,0.2,2585.85
502611,2025-11-30,10428,2012,1,1148.51,0.15,976.23
503774,2025-11-30,10205,2040,1,2622.65,0.1,2360.39
500008,2025-12-01,10089,2030,4,276.46,0.0,1105.84
500910,2025-12-01,10492,2031,4,635.47,0.0,2541.88
501733,2025-12-01,10184,2043,1,1014.67,0.0,1014.67
502604,2025-12-01,10118,2014,5,1960.94,0.0,9804.7
503139,2025-12-01,10496,2042,3,629.87,0.0,1889.61
503496,2025-12-01,10295,2050,3,2382.06,0.0,7146.18
503771,2025-12-01,10036,2046,2,425.19,0.0,850.38
500726,2025-12-02,10181,2009,5,1022.26,0.05,4855.73
501323,2025-12-02,10108,2002,3,175.29,0.0,525.87
502086,2025-12-02,10209,2017,3,1145.42,0.0,3436.26
502577,2025-12-02,10481,2035,5,506.04,0.0,2530.2
502875,2025-12-02,10189,2049,3,886.43,0.1,2393.36
503507,2025-12-02,10360,2020,4,353.95,0.0,1415.8
504614,2025-12-02,10339,2003,5,3232.31,0.0,16161.55
500015,2025-12-03,10350,2023,1,1843.08,0.1,1658.77
501167,2025-12-03,10067,2031,5,635.47,0.15,2700.75
503222,2025-12-03,10418,2020,4,353.95,0.05,1345.01
503825,2025-12-03,10089,2017,1,1145.42,0.05,1088.15
504915,2025-12-03,10037,2040,4,2622.65,0.1,9441.54
500622,2025-12-04,10031,2059,2,457.8,0.0,915.6
503226,2025-12-04,10370,2052,1,4381.84,0.1,3943.66
503282,2025-12-04,10144,2006,4,599.64,0.0,2398.56
504225,2025-12-04,10365,2021,1,1215.08,0.0,1215.08
500995,2025-12-05,10488,2034,5,1653.02,0.0,8265.1
502026,2025-12-05,10361,2044,3,1264.17,0.05,3602.88
502550,2025-12-05,10313,2014,5,1960.94,0.1,8824.23
501048,2025-12-06,10320,2037,1,633.21,0.0,633.21
504280,2025-12-06,10156,2025,3,1010.25,0.15,2576.14
500315,2025-12-07,10466,2060,3,927.82,0.05,2644.29
501705,2025-12-07,10379,2037,2,633.21,0.1,1139.78
500696,2025-12-08,10240,2040,1,2622.65,0.0,2622.65
501770,2025-12-08,10212,2010,2,383.48,0.0,766.96
502071,2025-12-08,10461,2004,5,3195.85,0.0,15979.25
502572,2025-12-08,10368,2001,1,2873.46,0.1,2586.11
503373,2025-12-08,10422,2015,2,535.35,0.0,1070.7
504765,2025-12-08,10038,2017,5,1145.42,0.0,5727.1
501540,2025-12-09,10463,2002,5,175.29,0.1,788.8
502895,2025-12-09,10173,2008,3,386.95,0.1,1044.76
503211,2025-12-09,10381,2047,5,2201.3,0.05,10456.17
500347,2025-12-10,10354,2051,2,957.15,0.1,1722.87
500667,2025-12-10,10057,2034,2,1653.02,0.0,3306.04
500698,2025-12-10,10074,2029,3,1516.17,0.0,4548.51
501483,2025-12-10,10280,2039,1,592.66,0.0,592.66
501814,2025-12-10,10178,2031,4,635.47,0.05,2414.79
503898,2025-12-10,10345,2004,4,3195.85,0.2,10226.72
500735,2025-12-11,10455,2021,1,1215.08,0.15,1032.82
502177,2025-12-11,10041,2045,2,3130.69,0.1,5635.24
502252,2025-12-11,10163,2044,3,1264.17,0.1,3413.26
503118,2025-12-11,10354,2027,1,1508.58,0.0,1508.58
504000,2025-12-11,10254,2023,2,1843.08,0.05,3501.85
504265,2025-12-11,10266,2039,2,592.66,0.05,1126.05
500631,2025-12-12,10229,2015,1,535.35,0.0,535.35
501291,2025-12-12,10061,2054,2,2674.42,0.1,4813.96
502907,2025-12-12,10272,2020,4,353.95,0.1,1274.22
503274,2025-12-12,10142,2003,3,3232.31,0.2,7757.54
503535,2025-12-12,10270,2025,1,1010.25,0.05,959.74
504518,2025-12-12,10004,2040,5,2622.65,0.15,11146.26
501078,2025-12-13,10330,2059,4,457.8,0.05,1739.64
502207,2025-12-13,10353,2014,4,1960.94,0.05,7451.57
504312,2025-12-13,10176,2006,4,599.64,0.05,2278.63
503103,2025-12-14,10354,2002,5,175.29,0.05,832.63
503348,2025-12-14,10161,2040,3,2622.65,0.05,7474.55
503715,2025-12-14,10456,2014,1,1960.94,0.0,1960.94
504717,2025-12-14,10407,2045,4,3130.69,0.0,12522.76
501858,2025-12-15,10171,2007,2,1690.84,0.1,3043.51
501859,2025-12-15,10264,2007,3,1690.84,0.05,4818.89
502713,2025-12-15,10088,2023,4,1843.08,0.1,6635.09
503268,2025-12-15,10020,2039,2,592.66,0.05,1126.05
503911,2025-12-15,10254,2026,1,293.54,0.1,264.19
504250,2025-12-15,10360,2031,4,635.47,0.05,2414.79
504417,2025-12-15,10262,2045,3,3130.69,0.0,9392.07
500189,2025-12-16,10236,2029,1,1516.17,0.0,1516.17
500310,2025-12-16,10482,2018,4,1912.96,0.0,7651.84
501018,2025-12-16,10292,2005,3,1163.47,0.05,3315.89
501430,2025-12-16,10159,2022,1,764.51,0.0,764.51
501914,2025-12-16,10158,2021,1,1215.08,0.05,1154.33
502751,2025-12-16,10275,2033,5,501.81,0.0,2509.05
504217,2025-12-16,10020,2048,1,842.22,0.0,842.22
501142,2025-12-17,10321,2021,1,1215.08,0.15,1032.82
501448,2025-12-17,10078,2017,2,1145.42,0.2,1832.67
503390,2025-12-17,10060,2040,3,2622.65,0.1,7081.16
503691,2025-12-17,10208,2052,4,4381.84,0.15,14898.26
504859,2025-12-17,10126,2057,5,1532.24,0.0,7661.2
504975,2025-12-17,10168,2045,3,3130.69,0.0,9392.07
500958,2025-12-18,10200,2028,4,463.82,0.1,1669.75
504684,2025-12-18,10435,2054,2,2674.42,0.2,4279.07
504756,2025-12-18,10463,2035,4,506.04,0.05,1922.95
501476,2025-12-19,10363,2001,4,2873.46,0.0,11493.84
501743,2025-12-19,10096,2029,2,1516.17,0.05,2880.72
501753,2025-12-19,10076,2052,2,4381.84,0.0,8763.68
502595,2025-12-19,10188,2031,3,635.47,0.0,1906.41
502639,2025-12-19,10340,2034,3,1653.02,0.1,4463.15
503888,2025-12-19,10228,2037,1,633.21,0.0,633.21
504484,2025-12-19,10172,2001,5,2873.46,0.0,14367.3
500709,2025-12-20,10075,2049,3,886.43,0.0,2659.29
501840,2025-12-20,10120,2024,1,329.59,0.2,263.67
502076,2025-12-20,10465,2036,4,861.27,0.05,3272.83
502092,2025-12-20,10127,2021,1,1215.08,0.0,1215.08
502108,2025-12-20,10475,2015,2,535.35,0.0,1070.7
502582,2025-12-20,10224,2038,1,392.48,0.15,333.61
502966,2025-12-20,10198,2008,4,386.95,0.0,1547.8
504529,2025-12-20,10051,2054,5,2674.42,0.05,12703.5
501851,2025-12-21,10076,2045,2,3130.69,0.1,5635.24
503623,2025-12-21,10465,2055,5,4486.03,0.15,19065.63
504992,2025-12-21,10440,2060,4,927.82,0.15,3154.59
500780,2025-12-22,10248,2011,5,899.65,0.2,3598.6
500954,2025-12-22,10113,2055,3,4486.03,0.0,13458.09
502344,2025-12-22,10427,2044,1,1264.17,0.1,1137.75
502846,2025-12-22,10229,2002,3,175.29,0.1,473.28
502983,2025-12-22,10284,2051,2,957.15,0.0,1914.3
501206,2025-12-23,10131,2037,4,633.21,0.15,2152.91
502102,2025-12-23,10170,2019,2,3291.33,0.1,5924.39
503096,2025-12-23,10069,2001,2,2873.46,0.0,5746.92
503205,2025-12-23,10047,2059,3,457.8,0.0,1373.4
504527,2025-12-23,10441,2023,3,1843.08,0.0,5529.24
500330,2025-12-24,10492,2058,2,3587.6,0.0,7175.2
502114,2025-12-24,10069,2041,2,3146.01,0.2,5033.62
504391,2025-12-24,10363,2007,3,1690.84,0.1,4565.27
503998,2025-12-25,10003,2046,3,425.19,0.1,1148.01
504681,2025-12-25,10264,2028,3,463.82,0.0,1391.46
500061,2025-12-26,10130,2043,3,1014.67,0.0,3044.01
500088,2025-12-26,10324,2026,1,293.54,0.2,234.83
503468,2025-12-26,10337,2012,5,1148.51,0.1,5168.3
503738,2025-12-26,10460,2041,3,3146.01,0.0,9438.03
500725,2025-12-27,10170,2042,1,629.87,0.1,566.88
500813,2025-12-27,10216,2018,3,1912.96,0.15,4878.05
501003,2025-12-27,10024,2047,1,2201.3,0.2,1761.04
501095,2025-12-27,10410,2054,2,2674.42,0.1,4813.96
501550,2025-12-27,10453,2032,4,937.76,0.0,3751.04
501888,2025-12-27,10097,2054,5,2674.42,0.15,11366.28
502091,2025-12-27,10430,2047,4,2201.3,0.0,8805.2
503095,2025-12-27,10154,2004,2,3195.85,0.0,6391.7
504638,2025-12-27,10197,2052,3,4381.84,0.0,13145.52
502592,2025-12-28,10026,2025,3,1010.25,0.0,3030.75
502607,2025-12-28,10113,2048,1,842.22,0.2,673.78
503060,2025-12-28,10322,2005,4,1163.47,0.1,4188.49
503551,2025-12-28,10099,2037,5,633.21,0.05,3007.75
503872,2025-12-28,10317,2014,5,1960.94,0.0,9804.7
504649,2025-12-28,10485,2031,3,635.47,0.0,1906.41
501344,2025-12-29,10453,2005,2,1163.47,0.2,1861.55
501515,2025-12-29,10311,2024,5,329.59,0.0,1647.95
503032,2025-12-29,10083,2059,3,457.8,0.0,1373.4
503184,2025-12-29,10400,2053,1,5717.05,0.1,5145.34
503680,2025-12-29,10118,2035,4,506.04,0.2,1619.33
500191,2025-12-30,10328,2022,2,764.51,0.05,1452.57
500558,2025-12-30,10473,2007,3,1690.84,0.1,4565.27
501243,2025-12-30,10078,2016,2,2344.51,0.05,4454.57
501285,2025-12-30,10480,2003,2,3232.31,0.0,6464.62
503062,2025-12-30,10486,2028,3,463.82,0.05,1321.89
503788,2025-12-30,10362,2052,3,4381.84,0.0,13145.52
504088,2025-12-30,10348,2054,5,2674.42,0.0,13372.1
500700,2025-12-31,10137,2055,1,4486.03,0.0,4486.03
500785,2025-12-31,10382,2037,5,633.21,0.2,2532.84
502133,2025-12-31,10349,2032,1,937.76,0.0,937.76
502517,2025-12-31,10207,2059,1,457.8,0.0,457.8
504562,2025-12-31,10226,2001,5,2873.46,0.0,14367.3
500432,2026-01-01,10078,2038,4,392.48,0.0,1569.92
500766,2026-01-01,10445,2010,1,383.48,0.0,383.48
503142,2026-01-01,10113,2029,5,1516.17,0.0,7580.85
503565,2026-01-01,10456,2003,2,3232.31,0.15,5494.93
503731,2026-01-01,10106,2035,4,506.04,0.1,1821.74
503910,2026-01-01,10361,2007,2,1690.84,0.1,3043.51
504645,2026-01-01,10193,2036,4,861.27,0.1,3100.57
500273,2026-01-02,10457,2060,1,927.82,0.0,927.82
500473,2026-01-02,10151,2025,1,1010.25,0.05,959.74
500482,2026-01-02,10353,2014,2,1960.94,0.15,3333.6
500573,2026-01-02,10082,2026,2,293.54,0.1,528.37
500976,2026-01-02,10114,2025,3,1010.25,0.15,2576.14
501405,2026-01-02,10207,2018,3,1912.96,0.1,5164.99
502918,2026-01-02,10412,2014,3,1960.94,0.05,5588.68
503941,2026-01-02,10169,2060,3,927.82,0.1,2505.11
504032,2026-01-02,10195,2018,3,1912.96,0.0,5738.88
500776,2026-01-03,10008,2042,3,629.87,0.0,1889.61
502451,2026-01-03,10102,2060,5,927.82,0.0,4639.1
502686,2026-01-03,10185,2053,3,5717.05,0.15,14578.48
504049,2026-01-03,10263,2040,5,2622.65,0.05,12457.59
504810,2026-01-03,10458,2006,5,599.64,0.2,2398.56
501054,2026-01-04,10047,2012,1,1148.51,0.0,1148.51
502555,2026-01-04,10389,2032,4,937.76,0.1,3375.94
503897,2026-01-04,10313,2005,2,1163.47,0.05,2210.59
503944,2026-01-04,10300,2027,3,1508.58,0.05,4299.45
504485,2026-01-04,10137,2009,3,1022.26,0.0,3066.78
504927,2026-01-04,10330,2028,1,463.82,0.0,463.82
500108,2026-01-05,10340,2035,2,506.04,0.1,910.87
502274,2026-01-05,10088,2015,5,535.35,0.1,2409.08
502409,2026-01-05,10057,2043,3,1014.67,0.15,2587.41
502542,2026-01-05,10329,2014,2,1960.94,0.1,3529.69
504126,2026-01-05,10460,2048,5,842.22,0.0,4211.1
504445,2026-01-05,10221,2043,4,1014.67,0.2,3246.94
504354,2026-01-06,10281,2035,4,506.04,0.0,2024.16
504707,2026-01-06,10002,2017,5,1145.42,0.0,5727.1
500459,2026-01-07,10064,2042,1,629.87,0.0,629.87
501437,2026-01-07,10344,2021,5,1215.08,0.2,4860.32
502808,2026-01-07,10098,2004,4,3195.85,0.15,10865.89
500213,2026-01-08,10366,2012,4,1148.51,0.1,4134.64
500334,2026-01-08,10213,2044,5,1264.17,0.0,6320.85
501894,2026-01-08,10170,2051,2,957.15,0.0,1914.3
504725,2026-01-08,10271,2046,2,425.19,0.0,850.38
500510,2026-01-09,10103,2030,3,276.46,0.1,746.44
503663,2026-01-09,10159,2040,3,2622.65,0.0,7867.95
502103,2026-01-10,10295,2025,1,1010.25,0.0,1010.25
502222,2026-01-10,10487,2030,2,276.46,0.0,552.92
504697,2026-01-10,10190,2035,5,506.04,0.0,2530.2
501093,2026-01-11,10227,2043,2,1014.67,0.1,1826.41
502079,2026-01-11,10173,2021,1,1215.08,0.15,1032.82
502404,2026-01-11,10119,2036,2,861.27,0.1,1550.29
502495,2026-01-11,10028,2040,3,2622.65,0.05,7474.55
503451,2026-01-11,10334,2024,2,329.59,0.05,626.22
504093,2026-01-11,10491,2047,5,2201.3,0.1,9905.85
504317,2026-01-11,10404,2054,1,2674.42,0.15,2273.26
504540,2026-01-11,10411,2040,4,2622.65,0.05,9966.07
501622,2026-01-12,10045,2032,1,937.76,0.05,890.87
502018,2026-01-12,10132,2052,1,4381.84,0.05,4162.75
502292,2026-01-12,10494,2025,2,1010.25,0.15,1717.42
504959,2026-01-12,10268,2019,5,3291.33,0.15,13988.15
502025,2026-01-13,10192,2026,4,293.54,0.0,1174.16
502194,2026-01-13,10279,2026,2,293.54,0.0,587.08
502400,2026-01-13,10347,2022,2,764.51,0.1,1376.12
504758,2026-01-13,10312,2049,2,886.43,0.0,1772.86
500681,2026-01-14,10198,2054,1,2674.42,0.0,2674.42
501570,2026-01-14,10370,2011,1,899.65,0.2,719.72
502353,2026-01-14,10444,2032,5,937.76,0.2,3751.04
500235,2026-01-15,10153,2030,5,276.46,0.05,1313.18
500854,2026-01-15,10483,2043,5,1014.67,0.05,4819.68
502179,2026-01-15,10418,2033,4,501.81,0.1,1806.52
500522,2026-01-16,10119,2005,3,1163.47,0.2,2792.33
501413,2026-01-16,10264,2031,5,635.47,0.0,3177.35
502303,2026-01-16,10078,2006,1,599.64,0.0,599.64
502797,2026-01-16,10465,2007,4,1690.84,0.0,6763.36
502816,2026-01-16,10083,2025,5,1010.25,0.0,5051.25
503325,2026-01-16,10272,2037,4,633.21,0.0,2532.84
501468,2026-01-17,10275,2010,4,383.48,0.0,1533.92
502484,2026-01-17,10099,2010,1,383.48,0.2,306.78
502630,2026-01-17,10442,2036,5,861.27,0.0,4306.35
500244,2026-01-18,10282,2013,3,379.72,0.0,1139.16
503100,2026-01-18,10447,2015,1,535.35,0.2,428.28
503359,2026-01-18,10004,2018,1,1912.96,0.1,1721.66
504151,2026-01-18,10138,2020,4,353.95,0.0,1415.8
504282,2026-01-18,10007,2042,1,629.87,0.05,598.38
500052,2026-01-19,10025,2010,4,383.48,0.05,1457.22
500979,2026-01-19,10430,2039,5,592.66,0.2,2370.64
501654,2026-01-19,10245,2025,5,1010.25,0.0,5051.25
502126,2026-01-19,10185,2047,4,2201.3,0.05,8364.94
502574,2026-01-19,10414,2023,2,1843.08,0.0,3686.16
503960,2026-01-19,10157,2045,2,3130.69,0.05,5948.31
504740,2026-01-19,10426,2031,4,635.47,0.05,2414.79
500097,2026-01-20,10421,2034,2,1653.02,0.05,3140.74
500131,2026-01-20,10172,2007,3,1690.84,0.15,4311.64
500137,2026-01-20,10401,2046,2,425.19,0.15,722.82
500611,2026-01-20,10306,2014,4,1960.94,0.0,7843.76
500837,2026-01-20,10113,2021,3,1215.08,0.15,3098.45
501512,2026-01-20,10052,2035,4,506.04,0.0,2024.16
501563,2026-01-20,10241,2040,2,2622.65,0.0,5245.3
501826,2026-01-20,10286,2044,5,1264.17,0.1,5688.76
503076,2026-01-20,10496,2003,5,3232.31,0.1,14545.4
504323,2026-01-20,10371,2057,2,1532.24,0.1,2758.03
501098,2026-01-21,10016,2034,4,1653.02,0.1,5950.87
501352,2026-01-22,10500,2042,2,629.87,0.1,1133.77
502117,2026-01-22,10470,2021,5,1215.08,0.0,6075.4
502474,2026-01-22,10119,2045,2,3130.69,0.1,5635.24
503566,2026-01-22,10051,2007,4,1690.84,0.05,6425.19
503710,2026-01-22,10493,2051,1,957.15,0.1,861.44
504430,2026-01-22,10371,2002,1,175.29,0.0,175.29
501372,2026-01-23,10430,2008,2,386.95,0.0,773.9
502333,2026-01-23,10496,2036,1,861.27,0.1,775.14
503218,2026-01-23,10468,2019,3,3291.33,0.0,9873.99
503554,2026-01-23,10079,2011,2,899.65,0.0,1799.3
503831,2026-01-23,10451,2015,1,535.35,0.0,535.35
503895,2026-01-23,10127,2038,4,392.48,0.05,1491.42
504113,2026-01-23,10225,2055,5,4486.03,0.05,21308.64
504272,2026-01-23,10032,2048,3,842.22,0.0,2526.66
500157,2026-01-24,10346,2001,5,2873.46,0.1,12930.57
500489,2026-01-24,10140,2004,2,3195.85,0.0,6391.7
500635,2026-01-24,10386,2051,2,957.15,0.0,1914.3
500980,2026-01-24,10434,2028,5,463.82,0.0,2319.1
501032,2026-01-24,10262,2032,2,937.76,0.0,1875.52
501802,2026-01-24,10196,2041,5,3146.01,0.0,15730.05
504159,2026-01-24,10098,2002,1,175.29,0.05,166.53
504983,2026-01-24,10423,2024,1,329.59,0.2,263.67
501297,2026-01-25,10258,2023,4,1843.08,0.1,6635.09
501720,2026-01-25,10382,2022,5,764.51,0.1,3440.3
502030,2026-01-25,10299,2024,4,329.59,0.1,1186.52
502357,2026-01-25,10445,2037,1,633.21,0.05,601.55
500952,2026-01-26,10202,2001,2,2873.46,0.2,4597.54
502224,2026-01-26,10355,2002,2,175.29,0.05,333.05
502518,2026-01-26,10219,2038,2,392.48,0.0,784.96
503475,2026-01-26,10128,2008,3,386.95,0.1,1044.76
503933,2026-01-26,10017,2047,5,2201.3,0.0,11006.5
500101,2026-01-27,10171,2033,3,501.81,0.05,1430.16
500398,2026-01-27,10318,2002,2,175.29,0.1,315.52
500789,2026-01-27,10495,2006,2,599.64,0.05,1139.32
500937,2026-01-27,10106,2048,5,842.22,0.0,4211.1
501237,2026-01-27,10170,2060,1,927.82,0.05,881.43
502107,2026-01-27,10400,2039,4,592.66,0.1,2133.58
503048,2026-01-27,10407,2028,4,463.82,0.1,1669.75
503956,2026-01-27,10029,2048,2,842.22,0.1,1516.0
502097,2026-01-28,10296,2004,5,3195.85,0.15,13582.36
502173,2026-01-28,10353,2033,5,501.81,0.05,2383.6
502410,2026-01-28,10024,2052,1,4381.84,0.05,4162.75
504400,2026-01-28,10478,2017,3,1145.42,0.2,2749.01
504599,2026-01-28,10148,2001,5,2873.46,0.0,14367.3
500521,2026-01-29,10021,2022,4,764.51,0.0,3058.04
501601,2026-01-29,10474,2027,4,1508.58,0.1,5430.89
501768,2026-01-29,10046,2049,1,886.43,0.0,886.43
503363,2026-01-30,10343,2002,5,175.29,0.15,744.98
500147,2026-01-31,10230,2010,2,383.48,0.1,690.26
500597,2026-01-31,10050,2042,3,629.87,0.15,1606.17
500715,2026-01-31,10291,2050,5,2382.06,0.1,10719.27
503936,2026-01-31,10356,2005,2,1163.47,0.1,2094.25
504220,2026-01-31,10217,2028,2,463.82,0.0,927.64
500095,2026-02-01,10416,2037,1,633.21,0.1,569.89
501453,2026-02-01,10338,2034,2,1653.02,0.05,3140.74
502668,2026-02-01,10049,2044,4,1264.17,0.0,5056.68
502902,2026-02-01,10042,2018,3,1912.96,0.1,5164.99
503271,2026-02-01,10239,2009,3,1022.26,0.15,2606.76
504144,2026-02-01,10277,2023,1,1843.08,0.1,1658.77
500666,2026-02-02,10314,2056,1,961.43,0.05,913.36
501602,2026-02-02,10430,2028,5,463.82,0.15,1971.24
502004,2026-02-02,10484,2003,3,3232.31,0.15,8242.39
502120,2026-02-02,10269,2039,5,592.66,0.15,2518.8
502527,2026-02-02,10346,2038,4,392.48,0.05,1491.42
503263,2026-02-02,10101,2060,5,927.82,0.0,4639.1
503833,2026-02-02,10133,2041,3,3146.01,0.0,9438.03
500544,2026-02-03,10309,2058,2,3587.6,0.1,6457.68
500737,2026-02-03,10088,2021,1,1215.08,0.0,1215.08
501747,2026-02-03,10052,2029,5,1516.17,0.0,7580.85
501810,2026-02-03,10338,2041,4,3146.01,0.1,11325.64
501861,2026-02-03,10056,2010,5,383.48,0.15,1629.79
503277,2026-02-03,10128,2003,2,3232.31,0.1,5818.16
504028,2026-02-03,10350,2052,5,4381.84,0.0,21909.2
504654,2026-02-03,10249,2040,3,2622.65,0.0,7867.95
500312,2026-02-04,10428,2027,2,1508.58,0.0,3017.16
502189,2026-02-04,10263,2057,5,1532.24,0.1,6895.08
503500,2026-02-04,10349,2037,4,633.21,0.0,2532.84
504866,2026-02-04,10308,2016,4,2344.51,0.1,8440.24
500291,2026-02-05,10441,2023,2,1843.08,0.15,3133.24
500533,2026-02-05,10183,2020,2,353.95,0.0,707.9
501721,2026-02-05,10452,2056,1,961.43,0.15,817.22
501966,2026-02-05,10197,2028,3,463.82,0.0,1391.46
502233,2026-02-05,10037,2060,4,927.82,0.1,3340.15
503875,2026-02-05,10382,2006,4,599.64,0.2,1918.85
500049,2026-02-06,10233,2033,2,501.81,0.0,1003.62
500532,2026-02-06,10285,2053,1,5717.05,0.0,5717.05
501722,2026-02-06,10143,2003,4,3232.31,0.0,12929.24
502661,2026-02-06,10441,2013,1,379.72,0.05,360.73
502863,2026-02-06,10461,2026,1,293.54,0.05,278.86
503006,2026-02-06,10077,2001,3,2873.46,0.15,7327.32
503502,2026-02-06,10298,2022,2,764.51,0.1,1376.12
500741,2026-02-07,10183,2027,2,1508.58,0.0,3017.16
500920,2026-02-07,10365,2048,2,842.22,0.05,1600.22
500928,2026-02-07,10101,2023,2,1843.08,0.05,3501.85
501024,2026-02-07,10457,2044,1,1264.17,0.0,1264.17
501541,2026-02-07,10260,2008,5,386.95,0.1,1741.28
504982,2026-02-07,10180,2059,1,457.8,0.05,434.91
500834,2026-02-08,10096,2036,2,861.27,0.1,1550.29
502951,2026-02-08,10456,2022,2,764.51,0.1,1376.12
503351,2026-02-08,10137,2018,4,1912.96,0.0,7651.84
503741,2026-02-08,10104,2054,5,2674.42,0.0,13372.1
504892,2026-02-08,10281,2020,1,353.95,0.0,353.95
500271,2026-02-09,10468,2019,1,3291.33,0.0,3291.33
501062,2026-02-09,10394,2042,1,629.87,0.0,629.87
501473,2026-02-09,10405,2058,5,3587.6,0.0,17938.0
501542,2026-02-09,10476,2051,3,957.15,0.1,2584.3
501853,2026-02-09,10208,2057,5,1532.24,0.0,7661.2
503196,2026-02-09,10258,2044,5,1264.17,0.0,6320.85
501106,2026-02-10,10375,2044,5,1264.17,0.1,5688.76
501619,2026-02-10,10272,2046,3,425.19,0.05,1211.79
502257,2026-02-10,10147,2028,4,463.82,0.1,1669.75
502828,2026-02-10,10063,2022,5,764.51,0.0,3822.55
502906,2026-02-10,10444,2014,5,1960.94,0.2,7843.76
503025,2026-02-10,10031,2045,3,3130.69,0.0,9392.07
500670,2026-02-11,10448,2034,1,1653.02,0.0,1653.02
501253,2026-02-11,10305,2024,4,329.59,0.05,1252.44
502530,2026-02-11,10241,2032,1,937.76,0.0,937.76
503466,2026-02-11,10267,2020,3,353.95,0.0,1061.85
503652,2026-02-11,10388,2022,4,764.51,0.1,2752.24
504871,2026-02-11,10288,2005,5,1163.47,0.0,5817.35
501592,2026-02-12,10110,2040,1,2622.65,0.15,2229.25
502673,2026-02-12,10181,2052,1,4381.84,0.0,4381.84
502801,2026-02-12,10191,2051,1,957.15,0.1,861.44
503820,2026-02-12,10460,2037,1,633.21,0.0,633.21
504305,2026-02-12,10347,2050,5,2382.06,0.0,11910.3
500269,2026-02-13,10309,2044,1,1264.17,0.05,1200.96
502578,2026-02-13,10296,2002,4,175.29,0.0,701.16
502721,2026-02-13,10159,2008,3,386.95,0.1,1044.76
502888,2026-02-13,10466,2034,1,1653.02,0.1,1487.72
502952,2026-02-13,10464,2001,4,2873.46,0.05,10919.15
502961,2026-02-13,10158,2059,4,457.8,0.1,1648.08
503491,2026-02-13,10085,2008,1,386.95,0.05,367.6
503696,2026-02-13,10430,2012,4,1148.51,0.0,4594.04
504112,2026-02-13,10067,2058,1,3587.6,0.0,3587.6
504730,2026-02-13,10166,2032,2,937.76,0.0,1875.52
504891,2026-02-13,10171,2015,5,535.35,0.0,2676.75
500951,2026-02-14,10257,2004,5,3195.85,0.1,14381.32
501151,2026-02-14,10486,2041,5,3146.01,0.1,14157.05
503972,2026-02-14,10346,2042,4,629.87,0.1,2267.53
504279,2026-02-14,10396,2019,4,3291.33,0.2,10532.26
504302,2026-02-14,10473,2041,1,3146.01,0.0,3146.01
504763,2026-02-14,10303,2053,3,5717.05,0.0,17151.15
500580,2026-02-15,10085,2009,5,1022.26,0.05,4855.73
502720,2026-02-15,10255,2046,2,425.19,0.2,680.3
503124,2026-02-15,10423,2018,3,1912.96,0.1,5164.99
503596,2026-02-15,10356,2028,5,463.82,0.05,2203.14
503810,2026-02-15,10381,2044,1,1264.17,0.0,1264.17
504187,2026-02-15,10346,2059,4,457.8,0.0,1831.2
504572,2026-02-15,10397,2015,3,535.35,0.0,1606.05
501184,2026-02-16,10388,2029,3,1516.17,0.15,3866.23
501491,2026-02-16,10367,2016,2,2344.51,0.05,4454.57
501688,2026-02-16,10125,2052,3,4381.84,0.05,12488.24
502053,2026-02-16,10167,2049,4,886.43,0.1,3191.15
504008,2026-02-16,10087,2036,1,861.27,0.0,861.27
504694,2026-02-16,10055,2010,5,383.48,0.1,1725.66
501741,2026-02-17,10046,2014,5,1960.94,0.0,9804.7
502152,2026-02-17,10261,2033,1,501.81,0.0,501.81
502754,2026-02-17,10013,2033,2,501.81,0.15,853.08
503004,2026-02-17,10427,2024,4,329.59,0.2,1054.69
503730,2026-02-17,10375,2034,5,1653.02,0.05,7851.84
504045,2026-02-17,10407,2051,5,957.15,0.0,4785.75
504880,2026-02-17,10483,2001,4,2873.46,0.1,10344.46
500940,2026-02-18,10402,2025,2,1010.25,0.1,1818.45
501257,2026-02-18,10026,2047,4,2201.3,0.0,8805.2
502172,2026-02-18,10064,2017,1,1145.42,0.05,1088.15
503203,2026-02-18,10394,2020,2,353.95,0.05,672.5
503235,2026-02-18,10426,2039,5,592.66,0.2,2370.64
503508,2026-02-18,10441,2026,1,293.54,0.0,293.54
502767,2026-02-19,10125,2027,1,1508.58,0.1,1357.72
504976,2026-02-19,10065,2028,4,463.82,0.0,1855.28
500307,2026-02-20,10121,2034,3,1653.02,0.0,4959.06
501155,2026-02-20,10132,2034,2,1653.02,0.15,2810.13
501506,2026-02-20,10389,2050,3,2382.06,0.0,7146.18
502293,2026-02-20,10166,2051,1,957.15,0.15,813.58
503775,2026-02-20,10326,2053,3,5717.05,0.05,16293.59
504346,2026-02-20,10020,2002,5,175.29,0.0,876.45
500280,2026-02-21,10427,2051,4,957.15,0.05,3637.17
500314,2026-02-21,10094,2042,3,629.87,0.0,1889.61
500437,2026-02-21,10436,2053,1,5717.05,0.0,5717.05
502609,2026-02-21,10019,2015,2,535.35,0.05,1017.16
502648,2026-02-21,10415,2010,3,383.48,0.0,1150.44
500112,2026-02-22,10050,2059,1,457.8,0.15,389.13
500534,2026-02-22,10457,2013,4,379.72,0.0,1518.88
500606,2026-02-22,10297,2035,5,506.04,0.0,2530.2
501153,2026-02-22,10065,2051,2,957.15,0.1,1722.87
502115,2026-02-22,10426,2012,3,1148.51,0.0,3445.53
502825,2026-02-22,10391,2051,5,957.15,0.15,4067.89
503143,2026-02-22,10018,2040,4,2622.65,0.1,9441.54
503374,2026-02-22,10206,2026,1,293.54,0.05,278.86
504252,2026-02-22,10024,2044,1,1264.17,0.05,1200.96
501266,2026-02-23,10372,2016,2,2344.51,0.0,4689.02
501403,2026-02-23,10288,2047,5,2201.3,0.0,11006.5
502347,2026-02-23,10236,2020,4,353.95,0.0,1415.8
503134,2026-02-23,10104,2031,3,635.47,0.2,1525.13
503202,2026-02-23,10059,2058,4,3587.6,0.15,12197.84
502496,2026-02-24,10346,2030,1,276.46,0.05,262.64
503246,2026-02-24,10031,2044,2,1264.17,0.0,2528.34
503437,2026-02-24,10435,2023,4,1843.08,0.0,7372.32
503994,2026-02-24,10434,2010,4,383.48,0.05,1457.22
504299,2026-02-24,10290,2032,4,937.76,0.0,3751.04
501903,2026-02-25,10146,2010,3,383.48,0.05,1092.92
504311,2026-02-25,10094,2014,2,1960.94,0.05,3725.79
502776,2026-02-26,10050,2022,4,764.51,0.0,3058.04
503845,2026-02-26,10028,2018,3,1912.96,0.1,5164.99
501007,2026-02-27,10311,2021,1,1215.08,0.15,1032.82
501017,2026-02-27,10253,2011,2,899.65,0.05,1709.33
501748,2026-02-27,10422,2041,3,3146.01,0.1,8494.23
502538,2026-02-27,10292,2040,3,2622.65,0.0,7867.95
503983,2026-02-27,10330,2035,4,506.04,0.05,1922.95
504251,2026-02-27,10168,2021,5,1215.08,0.05,5771.63
502261,2026-02-28,10309,2011,2,899.65,0.1,1619.37
503783,2026-02-28,10266,2049,1,886.43,0.0,886.43
504535,2026-02-28,10350,2033,4,501.81,0.15,1706.15
500730,2026-03-01,10234,2029,2,1516.17,0.1,2729.11
501497,2026-03-01,10180,2009,1,1022.26,0.0,1022.26
501908,2026-03-01,10465,2017,3,1145.42,0.2,2749.01
502208,2026-03-01,10352,2036,1,861.27,0.15,732.08
502587,2026-03-01,10185,2042,5,629.87,0.05,2991.88
502666,2026-03-01,10060,2013,1,379.72,0.05,360.73
503208,2026-03-01,10176,2023,2,1843.08,0.0,3686.16
504575,2026-03-01,10195,2009,1,1022.26,0.1,920.03
500617,2026-03-02,10248,2004,3,3195.85,0.0,9587.55
501513,2026-03-02,10433,2049,1,886.43,0.0,886.43
501616,2026-03-02,10347,2007,1,1690.84,0.1,1521.76
502690,2026-03-02,10457,2039,1,592.66,0.15,503.76
504231,2026-03-02,10006,2007,4,1690.84,0.05,6425.19
504474,2026-03-02,10311,2048,5,842.22,0.1,3789.99
500187,2026-03-03,10398,2040,5,2622.65,0.0,13113.25
500379,2026-03-03,10247,2041,1,3146.01,0.0,3146.01
500553,2026-03-03,10236,2013,4,379.72,0.05,1442.94
500996,2026-03-03,10221,2060,5,927.82,0.0,4639.1
501870,2026-03-03,10008,2020,5,353.95,0.05,1681.26
501959,2026-03-03,10426,2028,1,463.82,0.05,440.63
502589,2026-03-03,10133,2056,2,961.43,0.0,1922.86
502897,2026-03-03,10030,2047,5,2201.3,0.0,11006.5
504659,2026-03-03,10233,2006,3,599.64,0.1,1619.03
500592,2026-03-04,10255,2013,1,379.72,0.1,341.75
502132,2026-03-04,10099,2003,5,3232.31,0.05,15353.47
502478,2026-03-04,10034,2056,3,961.43,0.15,2451.65
504653,2026-03-04,10372,2038,2,392.48,0.05,745.71
504731,2026-03-04,10327,2028,3,463.82,0.1,1252.31
502756,2026-03-05,10132,2033,2,501.81,0.05,953.44
503016,2026-03-05,10336,2032,4,937.76,0.15,3188.38
503570,2026-03-05,10129,2004,1,3195.85,0.0,3195.85
504905,2026-03-05,10259,2019,2,3291.33,0.05,6253.53
500582,2026-03-06,10469,2058,3,3587.6,0.0,10762.8
500680,2026-03-06,10099,2044,2,1264.17,0.0,2528.34
501126,2026-03-06,10014,2029,1,1516.17,0.15,1288.74
501719,2026-03-06,10124,2007,2,1690.84,0.15,2874.43
502416,2026-03-06,10023,2042,1,629.87,0.15,535.39
503947,2026-03-06,10404,2012,3,1148.51,0.05,3273.25
504619,2026-03-06,10309,2058,1,3587.6,0.05,3408.22
501101,2026-03-07,10209,2045,4,3130.69,0.0,12522.76
503772,2026-03-07,10224,2015,1,535.35,0.15,455.05
503982,2026-03-07,10494,2037,5,633.21,0.0,3166.05
500581,2026-03-08,10358,2038,4,392.48,0.2,1255.94
502238,2026-03-08,10003,2051,5,957.15,0.05,4546.46
502724,2026-03-08,10219,2010,2,383.48,0.0,766.96
504450,2026-03-08,10439,2028,5,463.82,0.0,2319.1
504494,2026-03-08,10044,2050,4,2382.06,0.05,9051.83
503434,2026-03-09,10488,2019,3,3291.33,0.0,9873.99
501455,2026-03-10,10192,2029,5,1516.17,0.05,7201.81
503295,2026-03-10,10123,2016,3,2344.51,0.0,7033.53
504015,2026-03-10,10074,2039,4,592.66,0.05,2252.11
504385,2026-03-10,10434,2035,2,506.04,0.0,1012.08
504408,2026-03-10,10279,2058,2,3587.6,0.0,7175.2
502612,2026-03-11,10192,2020,4,353.95,0.0,1415.8
503385,2026-03-11,10009,2050,5,2382.06,0.0,11910.3
504254,2026-03-11,10031,2043,4,1014.67,0.1,3652.81
501445,2026-03-12,10012,2031,4,635.47,0.0,2541.88
501976,2026-03-12,10213,2021,1,1215.08,0.0,1215.08
503065,2026-03-12,10151,2009,4,1022.26,0.0,4089.04
503612,2026-03-12,10121,2055,2,4486.03,0.1,8074.85
500376,2026-03-13,10070,2016,2,2344.51,0.15,3985.67
501393,2026-03-13,10481,2026,5,293.54,0.0,1467.7
501527,2026-03-13,10042,2041,2,3146.01,0.05,5977.42
504048,2026-03-13,10325,2046,3,425.19,0.1,1148.01
504076,2026-03-13,10007,2060,3,927.82,0.1,2505.11
500724,2026-03-14,10121,2046,2,425.19,0.05,807.86
500893,2026-03-14,10079,2003,5,3232.31,0.0,16161.55
501053,2026-03-14,10112,2014,3,1960.94,0.2,4706.26
502131,2026-03-14,10095,2014,4,1960.94,0.0,7843.76
502774,2026-03-14,10021,2038,1,392.48,0.0,392.48
502812,2026-03-14,10223,2025,2,1010.25,0.0,2020.5
504432,2026-03-14,10464,2047,3,2201.3,0.0,6603.9
501316,2026-03-15,10216,2002,4,175.29,0.05,666.1
502838,2026-03-15,10472,2050,3,2382.06,0.05,6788.87
503031,2026-03-15,10090,2007,2,1690.84,0.05,3212.6
503473,2026-03-15,10412,2021,4,1215.08,0.15,4131.27
503476,2026-03-15,10428,2058,1,3587.6,0.0,3587.6
504952,2026-03-15,10042,2006,2,599.64,0.15,1019.39
500549,2026-03-16,10064,2007,2,1690.84,0.1,3043.51
501617,2026-03-16,10323,2046,1,425.19,0.1,382.67
502506,2026-03-16,10294,2048,4,842.22,0.0,3368.88
503408,2026-03-16,10165,2012,4,1148.51,0.0,4594.04
504776,2026-03-16,10242,2014,3,1960.94,0.05,5588.68
500341,2026-03-17,10441,2032,5,937.76,0.0,4688.8
500364,2026-03-17,10189,2002,4,175.29,0.05,666.1
500748,2026-03-17,10185,2027,1,1508.58,0.05,1433.15
502190,2026-03-17,10435,2001,4,2873.46,0.2,9195.07
502442,2026-03-17,10299,2030,3,276.46,0.05,787.91
504704,2026-03-17,10009,2028,1,463.82,0.0,463.82
500652,2026-03-18,10253,2012,1,1148.51,0.0,1148.51
501174,2026-03-18,10495,2026,5,293.54,0.0,1467.7
502036,2026-03-18,10257,2029,5,1516.17,0.0,7580.85
502281,2026-03-18,10422,2022,2,764.51,0.0,1529.02
502861,2026-03-18,10152,2021,3,1215.08,0.15,3098.45
503159,2026-03-18,10284,2032,3,937.76,0.1,2531.95
504795,2026-03-18,10212,2040,4,2622.65,0.05,9966.07
500110,2026-03-19,10108,2011,2,899.65,0.15,1529.4
500367,2026-03-19,10069,2001,3,2873.46,0.0,8620.38
500548,2026-03-19,10475,2043,2,1014.67,0.1,1826.41
501945,2026-03-19,10335,2028,1,463.82,0.05,440.63
504423,2026-03-19,10199,2051,1,957.15,0.0,957.15
501385,2026-03-20,10121,2025,2,1010.25,0.05,1919.48
501895,2026-03-20,10171,2053,5,5717.05,0.15,24297.46
501020,2026-03-21,10198,2030,3,276.46,0.0,829.38
501651,2026-03-21,10177,2028,4,463.82,0.0,1855.28
502813,2026-03-21,10434,2032,1,937.76,0.0,937.76
502946,2026-03-21,10407,2029,3,1516.17,0.0,4548.51
503256,2026-03-21,10366,2018,2,1912.96,0.1,3443.33
503999,2026-03-21,10019,2024,2,329.59,0.0,659.18
504783,2026-03-21,10500,2005,4,1163.47,0.05,4421.19
500744,2026-03-22,10220,2041,2,3146.01,0.0,6292.02
501936,2026-03-22,10498,2013,4,379.72,0.0,1518.88
500063,2026-03-23,10052,2012,3,1148.51,0.0,3445.53
500932,2026-03-23,10232,2016,1,2344.51,0.1,2110.06
500982,2026-03-23,10153,2058,2,3587.6,0.1,6457.68
501004,2026-03-23,10411,2008,5,386.95,0.0,1934.75
502013,2026-03-23,10114,2002,5,175.29,0.0,876.45
502991,2026-03-23,10114,2054,1,2674.42,0.05,2540.7
504110,2026-03-23,10083,2010,5,383.48,0.0,1917.4
500276,2026-03-24,10014,2017,4,1145.42,0.0,4581.68
500618,2026-03-24,10449,2060,1,927.82,0.2,742.26
501596,2026-03-24,10472,2015,1,535.35,0.0,535.35
501905,2026-03-24,10300,2038,5,392.48,0.05,1864.28
501906,2026-03-24,10496,2020,1,353.95,0.1,318.56
503045,2026-03-24,10013,2051,5,957.15,0.0,4785.75
500210,2026-03-25,10464,2032,5,937.76,0.0,4688.8
500308,2026-03-25,10483,2029,3,1516.17,0.2,3638.81
500627,2026-03-25,10374,2051,3,957.15,0.15,2440.73
501756,2026-03-25,10238,2044,1,1264.17,0.2,1011.34
500570,2026-03-26,10327,2021,3,1215.08,0.15,3098.45
500877,2026-03-26,10182,2058,5,3587.6,0.0,17938.0
502201,2026-03-26,10245,2034,1,1653.02,0.0,1653.02
502773,2026-03-26,10239,2059,5,457.8,0.0,2289.0
502894,2026-03-26,10281,2027,5,1508.58,0.15,6411.46
503123,2026-03-26,10151,2059,4,457.8,0.1,1648.08
503362,2026-03-26,10208,2039,4,592.66,0.1,2133.58
504446,2026-03-26,10262,2009,3,1022.26,0.0,3066.78
500651,2026-03-27,10185,2035,1,506.04,0.1,455.44
501160,2026-03-27,10461,2017,2,1145.42,0.2,1832.67
502588,2026-03-27,10260,2053,3,5717.05,0.1,15436.04
503427,2026-03-27,10323,2001,4,2873.46,0.1,10344.46
504862,2026-03-27,10329,2006,1,599.64,0.2,479.71
500196,2026-03-28,10052,2005,4,1163.47,0.0,4653.88
500403,2026-03-28,10183,2032,1,937.76,0.0,937.76
501309,2026-03-28,10213,2002,2,175.29,0.0,350.58
502775,2026-03-28,10364,2003,4,3232.31,0.1,11636.32
502787,2026-03-28,10238,2057,2,1532.24,0.05,2911.26
503302,2026-03-28,10111,2046,5,425.19,0.0,2125.95
504887,2026-03-28,10074,2011,4,899.65,0.05,3418.67
502228,2026-03-29,10154,2058,1,3587.6,0.0,3587.6
503747,2026-03-29,10013,2038,4,392.48,0.1,1412.93
503873,2026-03-29,10076,2010,2,383.48,0.1,690.26
500718,2026-03-30,10408,2023,3,1843.08,0.15,4699.85
501176,2026-03-30,10038,2049,3,886.43,0.0,2659.29
502203,2026-03-30,10011,2040,1,2622.65,0.1,2360.39
502253,2026-03-30,10394,2005,1,1163.47,0.1,1047.12
500288,2026-03-31,10394,2002,1,175.29,0.0,175.29
500993,2026-03-31,10053,2021,2,1215.08,0.15,2065.64
501597,2026-03-31,10261,2039,4,592.66,0.1,2133.58
501947,2026-03-31,10370,2041,5,3146.01,0.0,15730.05
502341,2026-03-31,10445,2003,1,3232.31,0.05,3070.69
502428,2026-03-31,10006,2017,4,1145.42,0.05,4352.6
502710,2026-03-31,10480,2037,2,633.21,0.0,1266.42
502988,2026-03-31,10236,2003,3,3232.31,0.15,8242.39
502744,2026-04-01,10250,2026,4,293.54,0.0,1174.16
503649,2026-04-01,10035,2021,5,1215.08,0.0,6075.4
503930,2026-04-01,10414,2038,4,392.48,0.15,1334.43
504192,2026-04-01,10410,2003,2,3232.31,0.0,6464.62
500090,2026-04-02,10086,2050,3,2382.06,0.0,7146.18
500502,2026-04-02,10466,2032,3,937.76,0.0,2813.28
500861,2026-04-02,10350,2019,3,3291.33,0.2,7899.19
500906,2026-04-02,10322,2026,5,293.54,0.15,1247.54
500966,2026-04-02,10392,2052,1,4381.84,0.05,4162.75
502294,2026-04-02,10105,2011,5,899.65,0.0,4498.25
502620,2026-04-02,10305,2007,1,1690.84,0.1,1521.76
502742,2026-04-02,10272,2014,5,1960.94,0.0,9804.7
503401,2026-04-02,10063,2013,1,379.72,0.15,322.76
504877,2026-04-02,10421,2032,5,937.76,0.05,4454.36
501852,2026-04-03,10356,2020,1,353.95,0.0,353.95
502481,2026-04-03,10382,2060,1,927.82,0.0,927.82
500129,2026-04-04,10263,2001,1,2873.46,0.15,2442.44
500539,2026-04-04,10399,2052,2,4381.84,0.1,7887.31
501193,2026-04-04,10470,2031,5,635.47,0.1,2859.62
502860,2026-04-04,10176,2051,5,957.15,0.1,4307.18
503521,2026-04-04,10078,2005,5,1163.47,0.15,4944.75
500919,2026-04-05,10497,2011,1,899.65,0.1,809.68
501659,2026-04-05,10094,2008,3,386.95,0.0,1160.85
502125,2026-04-05,10235,2028,3,463.82,0.05,1321.89
502418,2026-04-05,10375,2024,1,329.59,0.1,296.63
502703,2026-04-05,10309,2052,4,4381.84,0.05,16650.99
503729,2026-04-05,10195,2003,3,3232.31,0.1,8727.24
500514,2026-04-06,10110,2021,3,1215.08,0.0,3645.24
500956,2026-04-06,10424,2005,5,1163.47,0.0,5817.35
501086,2026-04-06,10356,2021,3,1215.08,0.05,3462.98
501606,2026-04-07,10426,2048,2,842.22,0.0,1684.44
500809,2026-04-08,10412,2029,2,1516.17,0.2,2425.87
501419,2026-04-08,10493,2009,3,1022.26,0.0,3066.78
502350,2026-04-08,10214,2006,3,599.64,0.2,1439.14
503426,2026-04-08,10309,2059,1,457.8,0.1,412.02
503855,2026-04-08,10356,2029,5,1516.17,0.0,7580.85
502682,2026-04-09,10082,2056,1,961.43,0.05,913.36
503719,2026-04-09,10289,2045,2,3130.69,0.0,6261.38
503946,2026-04-09,10177,2036,3,861.27,0.05,2454.62
504176,2026-04-09,10382,2037,1,633.21,0.1,569.89
504712,2026-04-09,10398,2053,2,5717.05,0.15,9718.98
504929,2026-04-09,10220,2016,2,2344.51,0.0,4689.02
500985,2026-04-10,10269,2019,4,3291.33,0.0,13165.32
503985,2026-04-10,10087,2042,2,629.87,0.0,1259.74
500153,2026-04-11,10482,2029,5,1516.17,0.0,7580.85
500931,2026-04-11,10202,2026,1,293.54,0.2,234.83
501801,2026-04-11,10202,2041,4,3146.01,0.2,10067.23
502640,2026-04-11,10250,2037,1,633.21,0.0,633.21
503851,2026-04-11,10030,2026,3,293.54,0.0,880.62
500874,2026-04-12,10003,2036,3,861.27,0.0,2583.81
501474,2026-04-12,10330,2033,2,501.81,0.0,1003.62
501795,2026-04-12,10114,2056,3,961.43,0.0,2884.29
502199,2026-04-12,10376,2047,3,2201.3,0.0,6603.9
502750,2026-04-12,10143,2050,4,2382.06,0.15,8099.0
500134,2026-04-13,10306,2016,5,2344.51,0.2,9378.04
501305,2026-04-13,10257,2020,1,353.95,0.05,336.25
501381,2026-04-13,10113,2003,3,3232.31,0.15,8242.39
503056,2026-04-13,10115,2056,3,961.43,0.15,2451.65
503389,2026-04-13,10462,2005,3,1163.47,0.0,3490.41
504086,2026-04-13,10380,2005,2,1163.47,0.0,2326.94
500591,2026-04-14,10016,2038,1,392.48,0.0,392.48
501077,2026-04-14,10148,2012,3,1148.51,0.1,3100.98
501097,2026-04-14,10376,2058,1,3587.6,0.0,3587.6
501561,2026-04-14,10470,2044,2,1264.17,0.0,2528.34
501949,2026-04-14,10402,2040,5,2622.65,0.15,11146.26
501999,2026-04-14,10335,2048,3,842.22,0.0,2526.66
504082,2026-04-14,10138,2046,2,425.19,0.05,807.86
500224,2026-04-15,10330,2020,5,353.95,0.0,1769.75
501921,2026-04-15,10240,2033,4,501.81,0.1,1806.52
502515,2026-04-15,10096,2053,3,5717.05,0.1,15436.04
502610,2026-04-15,10408,2019,2,3291.33,0.0,6582.66
502614,2026-04-15,10387,2038,2,392.48,0.05,745.71
502643,2026-04-15,10314,2032,3,937.76,0.05,2672.62
504611,2026-04-15,10100,2041,4,3146.01,0.1,11325.64
504808,2026-04-15,10362,2005,1,1163.47,0.0,1163.47
500360,2026-04-16,10082,2005,3,1163.47,0.0,3490.41
500728,2026-04-16,10089,2056,3,961.43,0.0,2884.29
501340,2026-04-16,10380,2050,5,2382.06,0.1,10719.27
504492,2026-04-16,10265,2011,3,899.65,0.0,2698.95
500850,2026-04-17,10118,2055,4,4486.03,0.0,17944.12
501286,2026-04-17,10265,2038,3,392.48,0.0,1177.44
501531,2026-04-17,10284,2055,4,4486.03,0.0,17944.12
502029,2026-04-17,10169,2026,2,293.54,0.1,528.37
502214,2026-04-17,10445,2020,4,353.95,0.05,1345.01
503377,2026-04-17,10150,2003,5,3232.31,0.0,16161.55
502002,2026-04-18,10393,2057,2,1532.24,0.15,2604.81
502676,2026-04-18,10114,2030,4,276.46,0.0,1105.84
503198,2026-04-18,10130,2011,2,899.65,0.0,1799.3
504465,2026-04-18,10271,2034,2,1653.02,0.0,3306.04
504904,2026-04-18,10483,2039,3,592.66,0.1,1600.18
500152,2026-04-19,10427,2021,5,1215.08,0.05,5771.63
500902,2026-04-19,10240,2044,4,1264.17,0.0,5056.68
501579,2026-04-19,10362,2054,5,2674.42,0.0,13372.1
501883,2026-04-19,10413,2039,4,592.66,0.1,2133.58
502015,2026-04-19,10152,2017,4,1145.42,0.1,4123.51
502593,2026-04-20,10392,2004,1,3195.85,0.2,2556.68
502709,2026-04-20,10018,2019,2,3291.33,0.0,6582.66
503146,2026-04-20,10419,2016,5,2344.51,0.0,11722.55
503264,2026-04-20,10437,2016,3,2344.51,0.0,7033.53
503754,2026-04-20,10309,2019,3,3291.33,0.2,7899.19
504367,2026-04-20,10432,2042,3,629.87,0.1,1700.65
504675,2026-04-20,10425,2027,2,1508.58,0.1,2715.44
502689,2026-04-21,10146,2020,2,353.95,0.1,637.11
503033,2026-04-21,10401,2041,2,3146.01,0.0,6292.02
503147,2026-04-21,10055,2003,3,3232.31,0.05,9212.08
503400,2026-04-21,10001,2050,5,2382.06,0.0,11910.3
504507,2026-04-21,10225,2036,3,861.27,0.0,2583.81
504893,2026-04-21,10388,2031,5,635.47,0.2,2541.88
501993,2026-04-22,10276,2003,2,3232.31,0.0,6464.62
502386,2026-04-22,10153,2042,3,629.87,0.0,1889.61
504461,2026-04-22,10395,2044,5,1264.17,0.1,5688.76
500321,2026-04-23,10059,2022,3,764.51,0.15,1949.5
501844,2026-04-23,10066,2056,2,961.43,0.05,1826.72
502083,2026-04-23,10342,2012,3,1148.51,0.0,3445.53
502714,2026-04-23,10391,2054,3,2674.42,0.05,7622.1
502752,2026-04-23,10347,2017,5,1145.42,0.0,5727.1
504858,2026-04-23,10100,2023,2,1843.08,0.15,3133.24
500042,2026-04-24,10284,2054,3,2674.42,0.05,7622.1
501629,2026-04-24,10208,2001,4,2873.46,0.1,10344.46
502266,2026-04-24,10193,2031,3,635.47,0.2,1525.13
502553,2026-04-24,10013,2026,3,293.54,0.0,880.62
502651,2026-04-24,10423,2040,4,2622.65,0.05,9966.07
503291,2026-04-24,10465,2032,4,937.76,0.1,3375.94
503667,2026-04-24,10225,2044,1,1264.17,0.0,1264.17
504914,2026-04-24,10412,2058,2,3587.6,0.0,7175.2
500093,2026-04-25,10048,2052,5,4381.84,0.1,19718.28
502063,2026-04-25,10382,2028,5,463.82,0.0,2319.1
504759,2026-04-25,10215,2007,5,1690.84,0.0,8454.2
500177,2026-04-26,10164,2014,3,1960.94,0.15,5000.4
500277,2026-04-26,10168,2009,5,1022.26,0.1,4600.17
500654,2026-04-26,10369,2030,5,276.46,0.05,1313.18
502020,2026-04-26,10465,2044,4,1264.17,0.15,4298.18
502306,2026-04-26,10414,2041,2,3146.01,0.0,6292.02
502989,2026-04-26,10155,2045,2,3130.69,0.05,5948.31
503191,2026-04-26,10302,2060,5,927.82,0.0,4639.1
504477,2026-04-26,10358,2048,1,842.22,0.0,842.22
500466,2026-04-27,10422,2052,3,4381.84,0.1,11830.97
501046,2026-04-27,10177,2007,5,1690.84,0.1,7608.78
502871,2026-04-27,10068,2002,5,175.29,0.0,876.45
504405,2026-04-27,10242,2030,2,276.46,0.05,525.27
501228,2026-04-28,10345,2036,3,861.27,0.1,2325.43
501374,2026-04-28,10467,2029,3,1516.17,0.0,4548.51
501953,2026-04-28,10175,2025,2,1010.25,0.2,1616.4
502432,2026-04-28,10496,2029,5,1516.17,0.05,7201.81
502632,2026-04-28,10262,2014,4,1960.94,0.05,7451.57
500132,2026-04-29,10133,2044,1,1264.17,0.2,1011.34
500190,2026-04-29,10065,2048,1,842.22,0.1,758.0
500566,2026-04-29,10092,2042,4,629.87,0.05,2393.51
502139,2026-04-29,10123,2056,5,961.43,0.0,4807.15
503382,2026-04-29,10311,2009,1,1022.26,0.1,920.03
503559,2026-04-29,10341,2009,2,1022.26,0.2,1635.62
503785,2026-04-29,10035,2042,5,629.87,0.15,2676.95
503879,2026-04-29,10499,2059,2,457.8,0.05,869.82
503957,2026-04-29,10392,2010,4,383.48,0.0,1533.92
504017,2026-04-29,10073,2058,3,3587.6,0.1,9686.52
500338,2026-04-30,10209,2015,3,535.35,0.0,1606.05
502558,2026-04-30,10137,2022,1,764.51,0.1,688.06
503135,2026-04-30,10388,2026,5,293.54,0.05,1394.32
503641,2026-04-30,10310,2051,5,957.15,0.05,4546.46
504316,2026-04-30,10442,2031,1,635.47,0.0,635.47
501074,2026-05-01,10169,2041,4,3146.01,0.0,12584.04
501508,2026-05-01,10406,2023,4,1843.08,0.0,7372.32
502082,2026-05-01,10178,2027,2,1508.58,0.1,2715.44
502087,2026-05-01,10154,2058,4,3587.6,0.0,14350.4
504296,2026-05-01,10425,2015,3,535.35,0.0,1606.05
504596,2026-05-01,10455,2021,3,1215.08,0.2,2916.19
501835,2026-05-02,10283,2013,2,379.72,0.15,645.52
503665,2026-05-02,10245,2006,1,599.64,0.1,539.68
501728,2026-05-03,10465,2030,2,276.46,0.1,497.63
502148,2026-05-03,10294,2029,4,1516.17,0.05,5761.45
502325,2026-05-03,10259,2039,4,592.66,0.1,2133.58
502437,2026-05-03,10252,2038,4,392.48,0.0,1569.92
502758,2026-05-03,10232,2037,5,633.21,0.0,3166.05
503494,2026-05-03,10343,2058,1,3587.6,0.05,3408.22
504651,2026-05-03,10015,2009,2,1022.26,0.0,2044.52
501681,2026-05-04,10165,2045,3,3130.69,0.15,7983.26
501920,2026-05-04,10423,2014,1,1960.94,0.15,1666.8
503574,2026-05-04,10161,2048,3,842.22,0.0,2526.66
501050,2026-05-05,10237,2045,3,3130.69,0.2,7513.66
501186,2026-05-05,10316,2049,3,886.43,0.05,2526.33
501347,2026-05-05,10079,2036,3,861.27,0.15,2196.24
501452,2026-05-05,10223,2036,5,861.27,0.0,4306.35
502565,2026-05-05,10166,2004,4,3195.85,0.15,10865.89
503192,2026-05-05,10178,2046,3,425.19,0.05,1211.79
503908,2026-05-05,10022,2005,5,1163.47,0.05,5526.48
504364,2026-05-05,10174,2002,5,175.29,0.1,788.8
504517,2026-05-05,10221,2039,3,592.66,0.15,1511.28
500537,2026-05-06,10331,2053,1,5717.05,0.2,4573.64
501222,2026-05-06,10383,2006,2,599.64,0.0,1199.28
503627,2026-05-06,10457,2051,2,957.15,0.0,1914.3
504267,2026-05-06,10393,2031,1,635.47,0.0,635.47
504419,2026-05-06,10072,2058,3,3587.6,0.1,9686.52
500707,2026-05-07,10415,2013,4,379.72,0.15,1291.05
501232,2026-05-07,10148,2025,3,1010.25,0.1,2727.68
501626,2026-05-07,10170,2060,5,927.82,0.05,4407.15
501696,2026-05-07,10189,2041,2,3146.01,0.1,5662.82
502163,2026-05-07,10270,2052,3,4381.84,0.0,13145.52
503104,2026-05-07,10150,2055,3,4486.03,0.1,12112.28
503368,2026-05-07,10053,2055,3,4486.03,0.0,13458.09
504030,2026-05-07,10324,2045,5,3130.69,0.0,15653.45
504894,2026-05-07,10443,2015,2,535.35,0.1,963.63
500507,2026-05-08,10158,2043,3,1014.67,0.1,2739.61
502702,2026-05-08,10311,2001,1,2873.46,0.0,2873.46
502857,2026-05-08,10394,2035,2,506.04,0.05,961.48
504453,2026-05-08,10207,2034,2,1653.02,0.0,3306.04
500589,2026-05-09,10266,2035,3,506.04,0.15,1290.4
501336,2026-05-09,10321,2053,3,5717.05,0.0,17151.15
502483,2026-05-09,10050,2040,3,2622.65,0.0,7867.95
504023,2026-05-09,10304,2006,5,599.64,0.1,2698.38
504389,2026-05-09,10182,2005,2,1163.47,0.0,2326.94
500426,2026-05-10,10059,2031,2,635.47,0.1,1143.85
500453,2026-05-10,10099,2006,4,599.64,0.0,2398.56
502156,2026-05-10,10397,2060,5,927.82,0.0,4639.1
502345,2026-05-10,10368,2005,3,1163.47,0.0,3490.41
503546,2026-05-10,10074,2045,5,3130.69,0.0,15653.45
504956,2026-05-10,10209,2003,3,3232.31,0.0,9696.93
500141,2026-05-11,10350,2052,1,4381.84,0.0,4381.84
501850,2026-05-11,10304,2042,2,629.87,0.05,1196.75
502226,2026-05-11,10306,2017,5,1145.42,0.0,5727.1
502617,2026-05-11,10287,2013,3,379.72,0.1,1025.24
502784,2026-05-11,10279,2021,5,1215.08,0.0,6075.4
504224,2026-05-11,10361,2042,5,629.87,0.2,2519.48
504552,2026-05-11,10392,2039,1,592.66,0.05,563.03
502216,2026-05-12,10383,2045,1,3130.69,0.2,2504.55
502783,2026-05-12,10330,2025,1,1010.25,0.1,909.22
503145,2026-05-12,10267,2024,1,329.59,0.1,296.63
500146,2026-05-13,10058,2028,3,463.82,0.15,1182.74
502447,2026-05-14,10234,2054,4,2674.42,0.0,10697.68
502459,2026-05-14,10268,2028,3,463.82,0.05,1321.89
502732,2026-05-14,10188,2060,2,927.82,0.0,1855.64
502963,2026-05-14,10345,2030,1,276.46,0.0,276.46
503882,2026-05-14,10082,2027,2,1508.58,0.0,3017.16
500424,2026-05-15,10419,2040,4,2622.65,0.1,9441.54
500687,2026-05-15,10364,2026,5,293.54,0.1,1320.93
500997,2026-05-15,10029,2057,4,1532.24,0.05,5822.51
501337,2026-05-15,10155,2044,3,1264.17,0.1,3413.26
501383,2026-05-15,10470,2053,2,5717.05,0.15,9718.98
501628,2026-05-15,10036,2007,3,1690.84,0.0,5072.52
503073,2026-05-15,10167,2015,1,535.35,0.1,481.82
503130,2026-05-15,10181,2028,4,463.82,0.15,1576.99
503588,2026-05-15,10466,2013,1,379.72,0.0,379.72
500520,2026-05-16,10489,2006,3,599.64,0.05,1708.97
501428,2026-05-16,10011,2040,2,2622.65,0.2,4196.24
501648,2026-05-16,10326,2028,3,463.82,0.0,1391.46
501938,2026-05-16,10386,2019,4,3291.33,0.1,11848.79
502300,2026-05-16,10249,2055,3,4486.03,0.05,12785.19
502598,2026-05-16,10187,2049,3,886.43,0.0,2659.29
502672,2026-05-16,10419,2018,3,1912.96,0.0,5738.88
502992,2026-05-16,10251,2003,3,3232.31,0.1,8727.24
504841,2026-05-16,10341,2033,5,501.81,0.05,2383.6
500021,2026-05-17,10090,2042,1,629.87,0.0,629.87
500386,2026-05-17,10203,2007,5,1690.84,0.05,8031.49
500662,2026-05-17,10066,2016,4,2344.51,0.0,9378.04
501028,2026-05-17,10369,2051,5,957.15,0.15,4067.89
502310,2026-05-17,10215,2020,2,353.95,0.15,601.71
503201,2026-05-17,10238,2046,1,425.19,0.05,403.93
503346,2026-05-17,10408,2040,3,2622.65,0.05,7474.55
503361,2026-05-17,10490,2025,4,1010.25,0.0,4041.0
503452,2026-05-17,10325,2044,1,1264.17,0.0,1264.17
502140,2026-05-18,10173,2007,4,1690.84,0.0,6763.36
503626,2026-05-18,10155,2015,1,535.35,0.0,535.35
503709,2026-05-18,10075,2025,3,1010.25,0.1,2727.68
504127,2026-05-18,10394,2019,2,3291.33,0.15,5595.26
504754,2026-05-18,10250,2009,4,1022.26,0.1,3680.14
500388,2026-05-19,10405,2008,4,386.95,0.05,1470.41
502093,2026-05-19,10239,2043,4,1014.67,0.05,3855.75
502429,2026-05-19,10154,2041,5,3146.01,0.05,14943.55
503620,2026-05-19,10306,2045,5,3130.69,0.0,15653.45
504123,2026-05-19,10474,2002,1,175.29,0.0,175.29
504967,2026-05-19,10124,2012,2,1148.51,0.1,2067.32
501889,2026-05-20,10457,2031,2,635.47,0.0,1270.94
502301,2026-05-20,10417,2012,3,1148.51,0.0,3445.53
503372,2026-05-20,10062,2058,3,3587.6,0.0,10762.8
501446,2026-05-21,10425,2002,4,175.29,0.0,701.16
502161,2026-05-21,10496,2020,4,353.95,0.1,1274.22
502449,2026-05-21,10195,2009,2,1022.26,0.0,2044.52
503406,2026-05-21,10275,2048,2,842.22,0.1,1516.0
504480,2026-05-21,10426,2018,1,1912.96,0.0,1912.96
500416,2026-05-22,10151,2051,1,957.15,0.05,909.29
500881,2026-05-22,10105,2043,3,1014.67,0.1,2739.61
500969,2026-05-22,10197,2010,5,383.48,0.0,1917.4
503318,2026-05-22,10186,2050,4,2382.06,0.0,9528.24
504249,2026-05-22,10043,2037,4,633.21,0.0,2532.84
504394,2026-05-22,10006,2037,4,633.21,0.0,2532.84
504931,2026-05-22,10336,2042,5,629.87,0.15,2676.95
500323,2026-05-23,10195,2052,5,4381.84,0.05,20813.74
500546,2026-05-23,10433,2057,3,1532.24,0.15,3907.21
501030,2026-05-23,10339,2017,3,1145.42,0.05,3264.45
503230,2026-05-23,10424,2046,4,425.19,0.05,1615.72
504185,2026-05-23,10087,2051,2,957.15,0.05,1818.58
504738,2026-05-23,10058,2016,4,2344.51,0.0,9378.04
500419,2026-05-24,10195,2026,2,293.54,0.05,557.73
500898,2026-05-24,10098,2048,2,842.22,0.1,1516.0
502653,2026-05-24,10300,2040,2,2622.65,0.0,5245.3
502684,2026-05-24,10282,2051,2,957.15,0.0,1914.3
504352,2026-05-24,10179,2050,4,2382.06,0.0,9528.24
504514,2026-05-24,10165,2015,3,535.35,0.0,1606.05
504860,2026-05-24,10113,2037,1,633.21,0.15,538.23
500181,2026-05-25,10145,2040,5,2622.65,0.0,13113.25
501517,2026-05-25,10348,2019,4,3291.33,0.0,13165.32
502510,2026-05-25,10349,2038,1,392.48,0.0,392.48
502835,2026-05-25,10186,2055,3,4486.03,0.0,13458.09
503707,2026-05-25,10192,2051,5,957.15,0.0,4785.75
503764,2026-05-25,10221,2022,2,764.51,0.0,1529.02
503979,2026-05-25,10402,2042,1,629.87,0.2,503.9
504921,2026-05-25,10323,2042,1,629.87,0.05,598.38
500127,2026-05-26,10123,2049,1,886.43,0.0,886.43
501523,2026-05-26,10288,2017,5,1145.42,0.05,5440.74
504229,2026-05-26,10119,2054,3,2674.42,0.0,8023.26
500100,2026-05-27,10030,2046,3,425.19,0.0,1275.57
503109,2026-05-27,10277,2046,1,425.19,0.1,382.67
503966,2026-05-27,10072,2032,2,937.76,0.15,1594.19
504115,2026-05-27,10121,2058,2,3587.6,0.0,7175.2
504587,2026-05-27,10235,2029,4,1516.17,0.1,5458.21
504801,2026-05-27,10023,2005,3,1163.47,0.0,3490.41
500542,2026-05-28,10401,2026,2,293.54,0.0,587.08
500973,2026-05-28,10125,2043,4,1014.67,0.0,4058.68
501380,2026-05-28,10417,2026,3,293.54,0.2,704.5
501398,2026-05-28,10274,2054,4,2674.42,0.0,10697.68
501557,2026-05-28,10034,2019,1,3291.33,0.15,2797.63
502171,2026-05-28,10016,2041,1,3146.01,0.05,2988.71
504033,2026-05-28,10129,2011,4,899.65,0.1,3238.74
504705,2026-05-28,10014,2016,5,2344.51,0.1,10550.3
500846,2026-05-29,10339,2034,2,1653.02,0.05,3140.74
501843,2026-05-29,10172,2021,5,1215.08,0.0,6075.4
503530,2026-05-29,10142,2058,3,3587.6,0.0,10762.8
504613,2026-05-29,10110,2035,3,506.04,0.1,1366.31
501150,2026-05-30,10175,2051,3,957.15,0.05,2727.88
501191,2026-05-30,10220,2053,3,5717.05,0.0,17151.15
502669,2026-05-30,10352,2046,3,425.19,0.05,1211.79
503223,2026-05-30,10355,2039,1,592.66,0.05,563.03
504827,2026-05-30,10235,2008,2,386.95,0.0,773.9
504958,2026-05-30,10440,2001,3,2873.46,0.0,8620.38
500183,2026-05-31,10479,2023,1,1843.08,0.15,1566.62
500600,2026-05-31,10239,2040,2,2622.65,0.15,4458.5
502077,2026-05-31,10328,2004,5,3195.85,0.15,13582.36
502288,2026-05-31,10041,2043,5,1014.67,0.2,4058.68
504991,2026-05-31,10393,2014,3,1960.94,0.15,5000.4
500284,2026-06-01,10233,2038,2,392.48,0.05,745.71
500380,2026-06-01,10173,2029,4,1516.17,0.15,5154.98
500946,2026-06-01,10128,2027,4,1508.58,0.1,5430.89
501640,2026-06-01,10261,2047,4,2201.3,0.0,8805.2
502865,2026-06-01,10265,2046,1,425.19,0.0,425.19
504733,2026-06-01,10211,2050,5,2382.06,0.1,10719.27
501647,2026-06-02,10126,2048,1,842.22,0.0,842.22
502622,2026-06-02,10480,2001,5,2873.46,0.2,11493.84
504042,2026-06-02,10381,2050,1,2382.06,0.0,2382.06
504353,2026-06-02,10283,2051,1,957.15,0.0,957.15
500714,2026-06-03,10392,2019,1,3291.33,0.0,3291.33
501544,2026-06-03,10007,2059,5,457.8,0.1,2060.1
500354,2026-06-04,10261,2049,2,886.43,0.15,1506.93
500519,2026-06-04,10436,2048,2,842.22,0.0,1684.44
500673,2026-06-04,10282,2039,4,592.66,0.0,2370.64
500759,2026-06-04,10012,2026,4,293.54,0.05,1115.45
501710,2026-06-04,10051,2031,1,635.47,0.0,635.47
501909,2026-06-04,10023,2043,1,1014.67,0.0,1014.67
502868,2026-06-04,10387,2057,3,1532.24,0.0,4596.72
503112,2026-06-04,10231,2038,2,392.48,0.1,706.46
504979,2026-06-04,10054,2001,2,2873.46,0.05,5459.57
500936,2026-06-05,10399,2042,1,629.87,0.05,598.38
501182,2026-06-05,10291,2060,2,927.82,0.05,1762.86
504240,2026-06-05,10014,2024,2,329.59,0.1,593.26
504643,2026-06-05,10485,2005,5,1163.47,0.1,5235.62
501331,2026-06-06,10201,2021,4,1215.08,0.1,4374.29
504380,2026-06-06,10221,2012,1,1148.51,0.05,1091.08
504990,2026-06-06,10396,2026,1,293.54,0.1,264.19
500695,2026-06-07,10394,2042,2,629.87,0.05,1196.75
501044,2026-06-07,10493,2049,4,886.43,0.0,3545.72
501828,2026-06-07,10107,2013,4,379.72,0.0,1518.88
502524,2026-06-07,10081,2004,5,3195.85,0.0,15979.25
502719,2026-06-07,10404,2058,2,3587.6,0.0,7175.2
502759,2026-06-07,10437,2031,2,635.47,0.1,1143.85
504369,2026-06-07,10063,2060,2,927.82,0.2,1484.51
500947,2026-06-08,10138,2029,3,1516.17,0.0,4548.51
501019,2026-06-08,10429,2057,3,1532.24,0.0,4596.72
502022,2026-06-08,10058,2029,3,1516.17,0.0,4548.51
502066,2026-06-08,10437,2037,4,633.21,0.05,2406.2
501376,2026-06-09,10102,2036,1,861.27,0.0,861.27
501725,2026-06-09,10251,2025,3,1010.25,0.0,3030.75
502198,2026-06-09,10431,2017,4,1145.42,0.05,4352.6
503737,2026-06-09,10341,2047,2,2201.3,0.15,3742.21
504702,2026-06-09,10025,2023,4,1843.08,0.05,7003.7
500422,2026-06-10,10468,2009,1,1022.26,0.05,971.15
502037,2026-06-10,10148,2015,2,535.35,0.05,1017.16
503768,2026-06-10,10442,2011,4,899.65,0.05,3418.67
502012,2026-06-11,10085,2021,3,1215.08,0.05,3462.98
503869,2026-06-11,10003,2027,5,1508.58,0.0,7542.9
500075,2026-06-12,10226,2025,2,1010.25,0.0,2020.5
501010,2026-06-12,10059,2056,2,961.43,0.0,1922.86
501102,2026-06-12,10473,2059,5,457.8,0.05,2174.55
501171,2026-06-12,10191,2043,5,1014.67,0.0,5073.35
501269,2026-06-12,10423,2017,4,1145.42,0.1,4123.51
500657,2026-06-13,10267,2025,4,1010.25,0.05,3838.95
501482,2026-06-13,10248,2019,4,3291.33,0.05,12507.05
501583,2026-06-13,10464,2056,5,961.43,0.0,4807.15
501932,2026-06-13,10465,2060,4,927.82,0.0,3711.28
503365,2026-06-13,10108,2051,4,957.15,0.0,3828.6
503912,2026-06-13,10381,2041,3,3146.01,0.15,8022.33
504111,2026-06-13,10008,2030,1,276.46,0.1,248.81
504683,2026-06-13,10305,2032,2,937.76,0.0,1875.52
501319,2026-06-14,10270,2035,5,506.04,0.0,2530.2
502394,2026-06-14,10437,2014,1,1960.94,0.0,1960.94
503538,2026-06-14,10479,2033,2,501.81,0.0,1003.62
504321,2026-06-14,10094,2017,3,1145.42,0.0,3436.26
501660,2026-06-15,10344,2020,3,353.95,0.1,955.66
502876,2026-06-15,10431,2047,4,2201.3,0.05,8364.94
503531,2026-06-15,10373,2029,1,1516.17,0.1,1364.55
500838,2026-06-16,10406,2042,1,629.87,0.0,629.87
501067,2026-06-16,10241,2016,1,2344.51,0.1,2110.06
501386,2026-06-16,10493,2031,3,635.47,0.15,1620.45
501822,2026-06-17,10181,2015,3,535.35,0.0,1606.05
501848,2026-06-17,10469,2040,1,2622.65,0.1,2360.39
502262,2026-06-17,10498,2032,2,937.76,0.15,1594.19
503007,2026-06-17,10044,2015,3,535.35,0.0,1606.05
503281,2026-06-17,10377,2030,4,276.46,0.05,1050.55
503290,2026-06-17,10491,2009,5,1022.26,0.0,5111.3
503432,2026-06-17,10045,2025,4,1010.25,0.05,3838.95
504098,2026-06-17,10325,2055,5,4486.03,0.0,22430.15
504868,2026-06-17,10446,2058,1,3587.6,0.0,3587.6
504911,2026-06-17,10153,2051,1,957.15,0.0,957.15
500303,2026-06-18,10075,2026,1,293.54,0.1,264.19
501519,2026-06-18,10090,2021,5,1215.08,0.1,5467.86
501841,2026-06-18,10340,2028,5,463.82,0.15,1971.24
502150,2026-06-18,10484,2056,3,961.43,0.05,2740.08
502637,2026-06-18,10374,2060,3,927.82,0.0,2783.46
500221,2026-06-19,10192,2001,3,2873.46,0.0,8620.38
501644,2026-06-19,10224,2028,5,463.82,0.05,2203.14
502785,2026-06-19,10321,2014,4,1960.94,0.15,6667.2
502947,2026-06-19,10197,2040,5,2622.65,0.0,13113.25
503019,2026-06-19,10243,2019,3,3291.33,0.15,8392.89
503654,2026-06-19,10295,2011,3,899.65,0.0,2698.95
504330,2026-06-19,10252,2028,5,463.82,0.0,2319.1
500265,2026-06-20,10461,2053,1,5717.05,0.1,5145.34
500562,2026-06-20,10386,2019,2,3291.33,0.05,6253.53
500763,2026-06-20,10236,2045,3,3130.69,0.1,8452.86
501450,2026-06-20,10304,2029,3,1516.17,0.0,4548.51
501709,2026-06-20,10370,2031,3,635.47,0.0,1906.41
502606,2026-06-20,10053,2019,3,3291.33,0.0,9873.99
503506,2026-06-20,10282,2040,1,2622.65,0.0,2622.65
504878,2026-06-20,10161,2052,1,4381.84,0.2,3505.47
501764,2026-06-21,10133,2015,1,535.35,0.05,508.58
502155,2026-06-21,10456,2038,2,392.48,0.0,784.96
504823,2026-06-21,10031,2004,3,3195.85,0.05,9108.17
501250,2026-06-22,10338,2001,5,2873.46,0.05,13648.94
501283,2026-06-22,10465,2055,5,4486.03,0.0,22430.15
504414,2026-06-22,10275,2016,5,2344.51,0.1,10550.3
501350,2026-06-23,10425,2054,1,2674.42,0.1,2406.98
501378,2026-06-23,10265,2009,4,1022.26,0.0,4089.04
501571,2026-06-23,10355,2052,5,4381.84,0.1,19718.28
502183,2026-06-23,10464,2016,3,2344.51,0.0,7033.53
502859,2026-06-23,10026,2042,4,629.87,0.1,2267.53
504631,2026-06-23,10286,2006,4,599.64,0.05,2278.63
504751,2026-06-23,10020,2022,5,764.51,0.2,3058.04
500826,2026-06-24,10475,2051,3,957.15,0.1,2584.3
501363,2026-06-24,10376,2046,5,425.19,0.1,1913.35
502337,2026-06-24,10038,2026,3,293.54,0.05,836.59
503720,2026-06-24,10318,2001,5,2873.46,0.05,13648.94
504980,2026-06-24,10288,2042,5,629.87,0.0,3149.35
505000,2026-06-24,10027,2026,4,293.54,0.0,1174.16
500559,2026-06-26,10425,2004,1,3195.85,0.1,2876.26
500949,2026-06-26,10012,2044,2,1264.17,0.2,2022.67
501580,2026-06-26,10255,2015,3,535.35,0.15,1365.14
501977,2026-06-26,10379,2024,3,329.59,0.1,889.89
502006,2026-06-26,10420,2046,4,425.19,0.05,1615.72
502384,2026-06-26,10164,2015,5,535.35,0.0,2676.75
502681,2026-06-26,10176,2036,5,861.27,0.15,3660.4
504044,2026-06-26,10462,2006,5,599.64,0.2,2398.56
504306,2026-06-26,10014,2020,1,353.95,0.1,318.56
504811,2026-06-26,10450,2042,3,629.87,0.0,1889.61
500452,2026-06-27,10144,2041,4,3146.01,0.1,11325.64
500736,2026-06-27,10376,2016,3,2344.51,0.05,6681.85
501038,2026-06-27,10481,2011,4,899.65,0.0,3598.6
502471,2026-06-27,10175,2004,2,3195.85,0.0,6391.7
503214,2026-06-27,10344,2048,4,842.22,0.1,3031.99
503853,2026-06-27,10290,2005,4,1163.47,0.0,4653.88
503949,2026-06-27,10198,2023,2,1843.08,0.0,3686.16
504647,2026-06-27,10306,2034,5,1653.02,0.15,7025.34
500503,2026-06-28,10418,2048,3,842.22,0.0,2526.66
503034,2026-06-28,10410,2027,2,1508.58,0.0,3017.16
500469,2026-06-29,10314,2034,3,1653.02,0.0,4959.06
502130,2026-06-29,10193,2005,3,1163.47,0.2,2792.33
504617,2026-06-29,10396,2033,2,501.81,0.05,953.44
500154,2026-06-30,10378,2016,4,2344.51,0.05,8909.14
501467,2026-06-30,10169,2014,3,1960.94,0.0,5882.82
502955,2026-06-30,10205,2032,5,937.76,0.05,4454.36
504495,2026-06-30,10437,2044,3,1264.17,0.0,3792.51
504635,2026-06-30,10375,2057,1,1532.24,0.0,1532.24
500892,2026-07-01,10374,2010,5,383.48,0.1,1725.66
501127,2026-07-01,10171,2028,4,463.82,0.1,1669.75
503164,2026-07-01,10460,2036,5,861.27,0.05,4091.03
503595,2026-07-01,10341,2006,3,599.64,0.1,1619.03
501488,2026-07-02,10180,2014,3,1960.94,0.15,5000.4
502745,2026-07-02,10055,2030,4,276.46,0.0,1105.84
503386,2026-07-02,10011,2002,2,175.29,0.05,333.05
503524,2026-07-02,10112,2049,2,886.43,0.15,1506.93
504226,2026-07-02,10290,2008,3,386.95,0.15,986.72
500165,2026-07-03,10032,2025,4,1010.25,0.1,3636.9
501785,2026-07-03,10065,2050,4,2382.06,0.0,9528.24
501913,2026-07-03,10467,2052,3,4381.84,0.05,12488.24
502276,2026-07-03,10383,2031,5,635.47,0.2,2541.88
502993,2026-07-03,10061,2015,2,535.35,0.05,1017.16
503217,2026-07-03,10290,2052,4,4381.84,0.0,17527.36
504087,2026-07-03,10145,2041,1,3146.01,0.0,3146.01
504340,2026-07-03,10197,2048,1,842.22,0.0,842.22
504343,2026-07-03,10263,2051,3,957.15,0.05,2727.88
504395,2026-07-03,10330,2027,1,1508.58,0.0,1508.58
504462,2026-07-03,10330,2058,4,3587.6,0.0,14350.4
500058,2026-07-04,10131,2027,1,1508.58,0.0,1508.58
500596,2026-07-04,10498,2009,3,1022.26,0.0,3066.78
501183,2026-07-04,10043,2029,1,1516.17,0.0,1516.17
503704,2026-07-04,10033,2051,2,957.15,0.0,1914.3
503857,2026-07-04,10220,2034,1,1653.02,0.0,1653.02
504920,2026-07-04,10268,2027,1,1508.58,0.1,1357.72
500925,2026-07-05,10208,2048,3,842.22,0.0,2526.66
501114,2026-07-05,10443,2024,1,329.59,0.0,329.59
502549,2026-07-05,10400,2038,4,392.48,0.1,1412.93
502924,2026-07-05,10380,2034,5,1653.02,0.2,6612.08
503503,2026-07-05,10289,2001,1,2873.46,0.2,2298.77
504865,2026-07-05,10259,2029,4,1516.17,0.0,6064.68
500118,2026-07-06,10089,2048,5,842.22,0.05,4000.54
501259,2026-07-06,10218,2001,5,2873.46,0.1,12930.57
501694,2026-07-06,10406,2044,3,1264.17,0.0,3792.51
501975,2026-07-06,10459,2057,4,1532.24,0.0,6128.96
503462,2026-07-06,10353,2017,5,1145.42,0.1,5154.39
503708,2026-07-06,10116,2021,2,1215.08,0.05,2308.65
500960,2026-07-07,10018,2013,3,379.72,0.0,1139.16
502421,2026-07-07,10425,2020,5,353.95,0.15,1504.29
502940,2026-07-07,10424,2017,4,1145.42,0.0,4581.68
503206,2026-07-07,10319,2060,3,927.82,0.0,2783.46
504014,2026-07-07,10364,2005,2,1163.47,0.0,2326.94
504090,2026-07-07,10070,2049,2,886.43,0.0,1772.86
500538,2026-07-08,10313,2053,4,5717.05,0.2,18294.56
503552,2026-07-08,10169,2032,4,937.76,0.15,3188.38
503651,2026-07-08,10199,2032,1,937.76,0.0,937.76
504318,2026-07-08,10147,2029,3,1516.17,0.0,4548.51
504686,2026-07-08,10055,2008,5,386.95,0.0,1934.75
504772,2026-07-08,10407,2053,2,5717.05,0.1,10290.69
500449,2026-07-09,10396,2007,1,1690.84,0.0,1690.84
501401,2026-07-09,10088,2058,5,3587.6,0.05,17041.1
502098,2026-07-09,10020,2037,1,633.21,0.05,601.55
503631,2026-07-09,10025,2022,1,764.51,0.15,649.83
504448,2026-07-09,10454,2048,5,842.22,0.1,3789.99
504621,2026-07-09,10148,2039,2,592.66,0.1,1066.79
504830,2026-07-09,10023,2059,1,457.8,0.15,389.13
501152,2026-07-10,10290,2005,1,1163.47,0.0,1163.47
502685,2026-07-10,10405,2033,1,501.81,0.1,451.63
500057,2026-07-11,10310,2049,5,886.43,0.05,4210.54
500182,2026-07-11,10486,2057,3,1532.24,0.0,4596.72
500746,2026-07-11,10152,2033,5,501.81,0.1,2258.15
502934,2026-07-11,10365,2054,1,2674.42,0.1,2406.98
503801,2026-07-11,10120,2029,4,1516.17,0.15,5154.98
504384,2026-07-11,10019,2018,3,1912.96,0.2,4591.1
501201,2026-07-12,10035,2059,2,457.8,0.0,915.6
501990,2026-07-12,10176,2040,2,2622.65,0.0,5245.3
502105,2026-07-12,10223,2008,4,386.95,0.2,1238.24
503784,2026-07-12,10483,2002,3,175.29,0.0,525.87
504470,2026-07-12,10150,2016,1,2344.51,0.0,2344.51
504884,2026-07-12,10139,2022,4,764.51,0.0,3058.04
500480,2026-07-13,10486,2026,4,293.54,0.0,1174.16
501718,2026-07-13,10301,2009,5,1022.26,0.0,5111.3
502656,2026-07-13,10469,2040,5,2622.65,0.0,13113.25
503097,2026-07-13,10080,2022,5,764.51,0.0,3822.55
503311,2026-07-13,10177,2017,3,1145.42,0.15,2920.82
503394,2026-07-13,10138,2016,4,2344.51,0.0,9378.04
503702,2026-07-13,10395,2021,3,1215.08,0.05,3462.98
500335,2026-07-14,10468,2039,3,592.66,0.2,1422.38
501088,2026-07-14,10282,2010,1,383.48,0.1,345.13
503518,2026-07-14,10123,2057,2,1532.24,0.0,3064.48
503519,2026-07-14,10329,2046,1,425.19,0.05,403.93
504418,2026-07-14,10220,2051,3,957.15,0.0,2871.45
500668,2026-07-15,10374,2003,4,3232.31,0.15,10989.85
501119,2026-07-15,10205,2038,2,392.48,0.0,784.96
501270,2026-07-15,10415,2001,3,2873.46,0.05,8189.36
501501,2026-07-15,10272,2058,4,3587.6,0.15,12197.84
502739,2026-07-15,10469,2039,4,592.66,0.15,2015.04
504397,2026-07-15,10264,2002,3,175.29,0.05,499.58
504508,2026-07-15,10124,2015,4,535.35,0.0,2141.4
500493,2026-07-16,10058,2015,2,535.35,0.0,1070.7
500601,2026-07-16,10461,2023,4,1843.08,0.2,5897.86
501059,2026-07-16,10049,2045,3,3130.69,0.1,8452.86
501662,2026-07-16,10024,2036,1,861.27,0.2,689.02
502833,2026-07-16,10249,2001,4,2873.46,0.05,10919.15
503015,2026-07-16,10372,2044,2,1264.17,0.0,2528.34
503027,2026-07-16,10118,2010,5,383.48,0.05,1821.53
503874,2026-07-16,10080,2027,3,1508.58,0.05,4299.45
504295,2026-07-16,10047,2044,1,1264.17,0.0,1264.17
504399,2026-07-16,10149,2059,2,457.8,0.1,824.04
504634,2026-07-16,10359,2035,1,506.04,0.1,455.44
500904,2026-07-17,10431,2038,1,392.48,0.15,333.61
501242,2026-07-17,10306,2029,3,1516.17,0.05,4321.08
502138,2026-07-17,10195,2053,4,5717.05,0.1,20581.38
502832,2026-07-17,10457,2034,5,1653.02,0.2,6612.08
503644,2026-07-17,10298,2031,5,635.47,0.0,3177.35
504261,2026-07-17,10059,2049,5,886.43,0.1,3988.94
504925,2026-07-17,10057,2047,2,2201.3,0.0,4402.6
500572,2026-07-18,10337,2006,5,599.64,0.0,2998.2
504182,2026-07-18,10480,2049,3,886.43,0.15,2260.4
500313,2026-07-19,10426,2043,2,1014.67,0.0,2029.34
500355,2026-07-19,10254,2009,3,1022.26,0.05,2913.44
500658,2026-07-19,10108,2010,3,383.48,0.05,1092.92
501779,2026-07-19,10441,2056,1,961.43,0.0,961.43
503128,2026-07-19,10383,2016,5,2344.51,0.05,11136.42
503332,2026-07-19,10294,2005,2,1163.47,0.0,2326.94
504652,2026-07-19,10284,2030,2,276.46,0.05,525.27
500395,2026-07-20,10496,2010,4,383.48,0.1,1380.53
500774,2026-07-20,10041,2017,3,1145.42,0.1,3092.63
502175,2026-07-20,10015,2006,2,599.64,0.15,1019.39
504752,2026-07-20,10400,2003,1,3232.31,0.05,3070.69
504960,2026-07-20,10029,2056,3,961.43,0.0,2884.29
502580,2026-07-21,10170,2038,3,392.48,0.0,1177.44
502671,2026-07-21,10159,2004,4,3195.85,0.0,12783.4
502936,2026-07-21,10400,2030,2,276.46,0.0,552.92
503438,2026-07-21,10312,2042,5,629.87,0.1,2834.42
504722,2026-07-21,10445,2028,1,463.82,0.05,440.63
500260,2026-07-22,10473,2048,4,842.22,0.2,2695.1
501377,2026-07-22,10190,2027,3,1508.58,0.0,4525.74
503760,2026-07-22,10135,2009,5,1022.26,0.0,5111.3
504109,2026-07-22,10258,2046,5,425.19,0.1,1913.35
500643,2026-07-23,10465,2017,1,1145.42,0.0,1145.42
503132,2026-07-23,10392,2040,3,2622.65,0.05,7474.55
504116,2026-07-23,10143,2041,3,3146.01,0.1,8494.23
504690,2026-07-23,10253,2051,1,957.15,0.1,861.44
501356,2026-07-24,10144,2019,2,3291.33,0.2,5266.13
501690,2026-07-24,10229,2045,1,3130.69,0.2,2504.55
503043,2026-07-24,10337,2042,1,629.87,0.05,598.38
503221,2026-07-24,10270,2045,2,3130.69,0.0,6261.38
500545,2026-07-25,10326,2038,5,392.48,0.0,1962.4
501056,2026-07-25,10207,2004,3,3195.85,0.05,9108.17
502779,2026-07-25,10041,2015,3,535.35,0.15,1365.14
504069,2026-07-25,10337,2039,2,592.66,0.0,1185.32
504390,2026-07-25,10254,2010,4,383.48,0.1,1380.53
500272,2026-07-26,10341,2024,3,329.59,0.05,939.33
500647,2026-07-26,10300,2025,3,1010.25,0.05,2879.21
501298,2026-07-26,10461,2051,4,957.15,0.15,3254.31
501299,2026-07-26,10168,2014,1,1960.94,0.0,1960.94
501849,2026-07-26,10114,2022,4,764.51,0.0,3058.04
500301,2026-07-27,10218,2037,3,633.21,0.05,1804.65
500841,2026-07-27,10461,2027,3,1508.58,0.15,3846.88
501045,2026-07-27,10197,2051,3,957.15,0.05,2727.88
501366,2026-07-27,10496,2040,1,2622.65,0.05,2491.52
502855,2026-07-27,10402,2050,1,2382.06,0.0,2382.06
503299,2026-07-27,10262,2009,3,1022.26,0.0,3066.78
503735,2026-07-27,10158,2043,2,1014.67,0.1,1826.41
503962,2026-07-27,10492,2026,2,293.54,0.05,557.73
504350,2026-07-27,10248,2003,3,3232.31,0.0,9696.93
504523,2026-07-27,10381,2038,4,392.48,0.05,1491.42
504624,2026-07-27,10002,2042,5,629.87,0.15,2676.95
504981,2026-07-27,10442,2040,1,2622.65,0.05,2491.52
500862,2026-07-28,10127,2020,4,353.95,0.2,1132.64
501431,2026-07-28,10057,2033,1,501.81,0.0,501.81
501664,2026-07-28,10144,2031,5,635.47,0.2,2541.88
500989,2026-07-29,10061,2043,4,1014.67,0.15,3449.88
501289,2026-07-29,10500,2050,4,2382.06,0.0,9528.24
502075,2026-07-29,10293,2026,5,293.54,0.1,1320.93
503523,2026-07-29,10417,2023,4,1843.08,0.1,6635.09
503607,2026-07-29,10360,2057,2,1532.24,0.05,2911.26
501211,2026-07-30,10400,2057,1,1532.24,0.05,1455.63
501409,2026-07-30,10404,2007,4,1690.84,0.0,6763.36
504945,2026-07-30,10456,2012,5,1148.51,0.0,5742.55
500598,2026-07-31,10244,2030,2,276.46,0.0,552.92
502042,2026-07-31,10060,2059,2,457.8,0.0,915.6
504368,2026-07-31,10299,2045,2,3130.69,0.05,5948.31
501092,2026-08-01,10028,2053,2,5717.05,0.1,10290.69
504268,2026-08-01,10309,2043,2,1014.67,0.05,1927.87
504425,2026-08-01,10121,2020,2,353.95,0.0,707.9
504840,2026-08-01,10220,2009,3,1022.26,0.05,2913.44
500011,2026-08-02,10022,2046,1,425.19,0.05,403.93
500550,2026-08-02,10174,2005,4,1163.47,0.0,4653.88
502387,2026-08-02,10383,2015,1,535.35,0.15,455.05
504020,2026-08-02,10145,2054,5,2674.42,0.05,12703.5
500916,2026-08-03,10462,2052,4,4381.84,0.05,16650.99
501161,2026-08-03,10414,2035,5,506.04,0.05,2403.69
503289,2026-08-03,10488,2021,3,1215.08,0.05,3462.98
504171,2026-08-03,10032,2042,3,629.87,0.1,1700.65
504568,2026-08-03,10145,2019,5,3291.33,0.0,16456.65
504824,2026-08-03,10165,2007,1,1690.84,0.0,1690.84
501417,2026-08-04,10267,2050,4,2382.06,0.0,9528.24
501860,2026-08-04,10082,2059,1,457.8,0.2,366.24
502764,2026-08-04,10340,2010,2,383.48,0.0,766.96
502805,2026-08-04,10178,2027,3,1508.58,0.0,4525.74
504034,2026-08-04,10278,2008,4,386.95,0.05,1470.41
504056,2026-08-04,10032,2051,2,957.15,0.2,1531.44
504791,2026-08-04,10300,2008,2,386.95,0.1,696.51
500610,2026-08-05,10319,2023,5,1843.08,0.0,9215.4
501724,2026-08-05,10394,2002,1,175.29,0.05,166.53
502568,2026-08-05,10297,2015,5,535.35,0.05,2542.91
503200,2026-08-05,10068,2044,4,1264.17,0.1,4551.01
504062,2026-08-05,10176,2047,3,2201.3,0.0,6603.9
500029,2026-08-06,10478,2015,4,535.35,0.0,2141.4
501338,2026-08-06,10207,2032,2,937.76,0.1,1687.97
502573,2026-08-06,10450,2001,4,2873.46,0.0,11493.84
503010,2026-08-06,10143,2004,1,3195.85,0.1,2876.26
503181,2026-08-06,10143,2029,3,1516.17,0.2,3638.81
503976,2026-08-06,10095,2054,5,2674.42,0.05,12703.5
504051,2026-08-06,10425,2006,5,599.64,0.2,2398.56
500656,2026-08-07,10230,2010,1,383.48,0.15,325.96
500959,2026-08-07,10128,2014,2,1960.94,0.05,3725.79
501173,2026-08-07,10031,2020,1,353.95,0.0,353.95
501867,2026-08-07,10225,2044,1,1264.17,0.05,1200.96
502227,2026-08-07,10108,2056,4,961.43,0.1,3461.15
503189,2026-08-07,10110,2025,2,1010.25,0.0,2020.5
503324,2026-08-07,10217,2003,2,3232.31,0.2,5171.7
503345,2026-08-07,10156,2032,1,937.76,0.1,843.98
504013,2026-08-07,10470,2046,5,425.19,0.2,1700.76
500066,2026-08-08,10281,2060,2,927.82,0.0,1855.64
501079,2026-08-08,10468,2016,2,2344.51,0.0,4689.02
501782,2026-08-08,10430,2019,4,3291.33,0.1,11848.79
502740,2026-08-08,10147,2059,1,457.8,0.2,366.24
503240,2026-08-08,10386,2006,2,599.64,0.05,1139.32
504600,2026-08-08,10283,2040,5,2622.65,0.05,12457.59
501997,2026-08-09,10483,2043,5,1014.67,0.05,4819.68
502443,2026-08-09,10111,2038,2,392.48,0.1,706.46
502944,2026-08-09,10211,2006,2,599.64,0.1,1079.35
504269,2026-08-09,10219,2030,5,276.46,0.0,1382.3
504403,2026-08-09,10070,2013,1,379.72,0.0,379.72
504746,2026-08-09,10173,2051,4,957.15,0.0,3828.6
501824,2026-08-10,10427,2030,3,276.46,0.05,787.91
501886,2026-08-10,10140,2039,5,592.66,0.05,2815.14
503661,2026-08-10,10130,2028,2,463.82,0.05,881.26
500729,2026-08-11,10116,2046,4,425.19,0.1,1530.68
501621,2026-08-12,10226,2060,5,927.82,0.0,4639.1
504933,2026-08-12,10140,2024,4,329.59,0.05,1252.44
501716,2026-08-13,10012,2052,4,4381.84,0.05,16650.99
501780,2026-08-13,10253,2035,4,506.04,0.1,1821.74
503357,2026-08-13,10100,2040,4,2622.65,0.05,9966.07
500204,2026-08-14,10205,2051,2,957.15,0.0,1914.3
501145,2026-08-14,10009,2010,1,383.48,0.0,383.48
501890,2026-08-14,10190,2007,2,1690.84,0.2,2705.34
503481,2026-08-14,10390,2059,3,457.8,0.0,1373.4
503505,2026-08-14,10457,2049,4,886.43,0.1,3191.15
504657,2026-08-14,10306,2023,2,1843.08,0.0,3686.16
500013,2026-08-15,10031,2036,1,861.27,0.0,861.27
504360,2026-08-15,10334,2016,1,2344.51,0.2,1875.61
500691,2026-08-16,10419,2016,1,2344.51,0.15,1992.83
501065,2026-08-16,10306,2004,5,3195.85,0.1,14381.32
501256,2026-08-16,10224,2021,5,1215.08,0.0,6075.4
501939,2026-08-16,10019,2051,2,957.15,0.2,1531.44
503329,2026-08-16,10380,2051,4,957.15,0.1,3445.74
503393,2026-08-16,10060,2018,1,1912.96,0.0,1912.96
503749,2026-08-16,10304,2014,4,1960.94,0.2,6275.01
504248,2026-08-16,10500,2034,3,1653.02,0.0,4959.06
500121,2026-08-17,10326,2039,5,592.66,0.0,2963.3
501469,2026-08-17,10341,2038,1,392.48,0.0,392.48
501489,2026-08-17,10371,2022,3,764.51,0.15,1949.5
501511,2026-08-17,10023,2001,1,2873.46,0.2,2298.77
502239,2026-08-17,10478,2034,2,1653.02,0.1,2975.44
504196,2026-08-17,10267,2033,4,501.81,0.0,2007.24
500305,2026-08-18,10108,2048,2,842.22,0.05,1600.22
502061,2026-08-18,10361,2029,3,1516.17,0.2,3638.81
502866,2026-08-18,10247,2046,4,425.19,0.1,1530.68
500414,2026-08-19,10353,2060,2,927.82,0.0,1855.64
500753,2026-08-19,10030,2012,3,1148.51,0.05,3273.25
500848,2026-08-19,10408,2019,1,3291.33,0.0,3291.33
501669,2026-08-19,10346,2036,4,861.27,0.0,3445.08
501799,2026-08-19,10100,2036,2,861.27,0.0,1722.54
502635,2026-08-19,10322,2058,4,3587.6,0.0,14350.4
503439,2026-08-19,10282,2006,5,599.64,0.0,2998.2
503794,2026-08-19,10169,2059,1,457.8,0.0,457.8
504396,2026-08-19,10458,2011,5,899.65,0.15,3823.51
504603,2026-08-19,10171,2009,5,1022.26,0.2,4089.04
500092,2026-08-20,10446,2048,1,842.22,0.2,673.78
500827,2026-08-20,10383,2027,2,1508.58,0.05,2866.3
501277,2026-08-20,10271,2002,1,175.29,0.1,157.76
501565,2026-08-20,10320,2022,4,764.51,0.0,3058.04
502335,2026-08-20,10354,2008,4,386.95,0.2,1238.24
504100,2026-08-20,10242,2018,4,1912.96,0.1,6886.66
504307,2026-08-20,10040,2021,4,1215.08,0.15,4131.27
504338,2026-08-20,10387,2007,1,1690.84,0.05,1606.3
500734,2026-08-21,10121,2015,1,535.35,0.2,428.28
501954,2026-08-21,10049,2053,5,5717.05,0.1,25726.72
504164,2026-08-21,10349,2055,1,4486.03,0.0,4486.03
500793,2026-08-22,10099,2027,1,1508.58,0.0,1508.58
502757,2026-08-22,10128,2059,4,457.8,0.0,1831.2
504692,2026-08-22,10217,2053,5,5717.05,0.05,27155.99
500488,2026-08-23,10194,2056,4,961.43,0.0,3845.72
501188,2026-08-23,10442,2052,5,4381.84,0.1,19718.28
501731,2026-08-23,10369,2032,5,937.76,0.05,4454.36
504680,2026-08-23,10383,2057,1,1532.24,0.0,1532.24
504928,2026-08-23,10089,2039,2,592.66,0.2,948.26
500282,2026-08-24,10249,2047,2,2201.3,0.0,4402.6
501197,2026-08-24,10353,2054,2,2674.42,0.15,4546.51
501317,2026-08-24,10184,2048,2,842.22,0.0,1684.44
502317,2026-08-24,10278,2050,1,2382.06,0.0,2382.06
502422,2026-08-24,10297,2014,2,1960.94,0.0,3921.88
503051,2026-08-24,10011,2039,4,592.66,0.15,2015.04
503293,2026-08-24,10029,2056,5,961.43,0.2,3845.72
503648,2026-08-24,10373,2038,1,392.48,0.0,392.48
504876,2026-08-24,10080,2008,4,386.95,0.0,1547.8
500457,2026-08-25,10337,2032,3,937.76,0.05,2672.62
501209,2026-08-25,10378,2003,3,3232.31,0.0,9696.93
501471,2026-08-25,10449,2057,5,1532.24,0.05,7278.14
502707,2026-08-25,10264,2047,4,2201.3,0.0,8805.2
503087,2026-08-25,10334,2027,3,1508.58,0.05,4299.45
503353,2026-08-25,10232,2038,2,392.48,0.1,706.46
504177,2026-08-25,10173,2039,4,592.66,0.0,2370.64
500616,2026-08-26,10235,2029,4,1516.17,0.0,6064.68
501766,2026-08-26,10253,2017,2,1145.42,0.0,2290.84
501955,2026-08-26,10376,2007,5,1690.84,0.1,7608.78
502367,2026-08-26,10050,2057,2,1532.24,0.15,2604.81
503177,2026-08-26,10028,2008,2,386.95,0.0,773.9
503666,2026-08-26,10382,2029,4,1516.17,0.0,6064.68
504421,2026-08-26,10440,2008,1,386.95,0.0,386.95
500470,2026-08-27,10064,2024,3,329.59,0.0,988.77
500629,2026-08-27,10452,2001,2,2873.46,0.0,5746.92
501634,2026-08-27,10143,2029,4,1516.17,0.2,4851.74
502191,2026-08-27,10023,2048,2,842.22,0.05,1600.22
503847,2026-08-27,10354,2028,1,463.82,0.1,417.44
504214,2026-08-27,10315,2053,3,5717.05,0.0,17151.15
504696,2026-08-27,10077,2008,4,386.95,0.15,1315.63
